_id,source,category,collected_at,data.query,data.title,data.url,data.language,data.published_at,data.sentiment.textblob.polarity,data.sentiment.textblob.subjectivity,data.sentiment.vader.neg,data.sentiment.vader.neu,data.sentiment.vader.pos,data.sentiment.vader.compound,data.keywords,data.topic,data.topic_words,nlp.sentiment,nlp.positive,nlp.neutral,nlp.negative,data.processed_at
6985ff5a6d8f3ff937a23478,gdelt,global_news,2026-02-06 14:48:58.023,(earthquake OR flood),台東卑南規模6 1地震 地震保險基金呼籲投保地震險 產經,https://www.cna.com.tw:443/news/afe/202512240299.aspx,Chinese,20251224T113000Z,0.0,0.0,0.0,1.0,0.0,0.0,"['台東卑南規模', '地震保險基金呼籲投保地震險']",", , ","['', '', '', '', '', '', '', '', '', '']",0.0,0.0,1.0,0.0,
6985ff5a6d8f3ff937a23479,gdelt,global_news,2026-02-06 14:48:58.023,(earthquake OR flood),戴立忍新片 「 功夫 」 圓武俠夢 體力比柯震東好 娛樂,https://www.cna.com.tw:443/news/amov/202512160227.aspx,Chinese,20251216T091500Z,0.0,0.0,0.0,1.0,0.0,0.0,"['戴立忍新片', '圓武俠夢 體力比柯震東好', '圓武俠夢', '體力比柯震東好']",", , ","['', '', '', '', '', '', '', '', '', '']",0.0,0.0,1.0,0.0,
6985ff5a6d8f3ff937a2347a,gdelt,global_news,2026-02-06 14:48:58.023,(earthquake OR flood),新竹市民 ： 7 0強震搖晃感跟 921 太像了 消防局籲備妥 「 避難包 」 生活,https://news.ltn.com.tw/news/life/breakingnews/5291751,Chinese,20251227T170000Z,0.0,0.0,0.0,1.0,0.0,0.0,"['太像了 消防局籲備妥', '新竹市民', '強震搖晃感跟', '避難包', '太像了']","921, , ","['921', '', '', '', '', '', '', '', '', '']",0.0,0.0,1.0,0.0,
6985ff5a6d8f3ff937a2347b,gdelt,global_news,2026-02-06 14:48:58.023,(earthquake OR flood),afmer kuruldu bilimsel afet yönetimi 10 şubatta başlıyor kıbrıs gazetesi kıbrıs haber kktc son dakika gündem haberleri,https://kibrisgazetesi.com/afmer-kuruldu-bilimsel-afet-yonetimi-10-subatta-basliyor/,Turkish,20260123T181500Z,0.0,0.0,0.0,1.0,0.0,0.0,"['afmer kuruldu bilimsel', 'bilimsel afet yönetimi', 'dakika gündem haberleri', 'şubatta başlıyor kıbrıs', 'kuruldu bilimsel afet']","kbrs, afet, afmer","['kbrs', 'afet', 'afmer', 'ubatta', 'son', 'kuruldu', 'kktc', 'haberleri', 'haber', 'gndem']",0.0,0.0,1.0,0.0,
6985ff5a6d8f3ff937a2347c,gdelt,global_news,2026-02-06 14:48:58.023,(earthquake OR flood),落石如籃球大 雲林草嶺149乙線建明隧道拚4月底前完工 生活,https://news.ltn.com.tw/news/life/breakingnews/5326236,Chinese,20260129T074500Z,0.0,0.0,0.0,1.0,0.0,0.0,"['落石如籃球大 雲林草嶺', '乙線建明隧道拚', '落石如籃球大', '雲林草嶺', '月底前完工']","1494, , ","['1494', '', '', '', '', '', '', '', '', '']",0.0,0.0,1.0,0.0,
698601257a59a31564b9b765,gdelt,global_news,2026-02-06 14:56:37.032,(earthquake OR flood),台東卑南規模6 1地震 地震保險基金呼籲投保地震險 產經,https://www.cna.com.tw:443/news/afe/202512240299.aspx,Chinese,20251224T113000Z,0.0,0.0,0.0,1.0,0.0,0.0,"['台東卑南規模', '地震保險基金呼籲投保地震險']",", , ","['', '', '', '', '', '', '', '', '', '']",0.0,0.0,1.0,0.0,
698601257a59a31564b9b766,gdelt,global_news,2026-02-06 14:56:37.032,(earthquake OR flood),戴立忍新片 「 功夫 」 圓武俠夢 體力比柯震東好 娛樂,https://www.cna.com.tw:443/news/amov/202512160227.aspx,Chinese,20251216T091500Z,0.0,0.0,0.0,1.0,0.0,0.0,"['戴立忍新片', '圓武俠夢 體力比柯震東好', '圓武俠夢', '體力比柯震東好']",", , ","['', '', '', '', '', '', '', '', '', '']",0.0,0.0,1.0,0.0,
698601257a59a31564b9b767,gdelt,global_news,2026-02-06 14:56:37.032,(earthquake OR flood),新竹市民 ： 7 0強震搖晃感跟 921 太像了 消防局籲備妥 「 避難包 」 生活,https://news.ltn.com.tw/news/life/breakingnews/5291751,Chinese,20251227T170000Z,0.0,0.0,0.0,1.0,0.0,0.0,"['太像了 消防局籲備妥', '新竹市民', '強震搖晃感跟', '避難包', '太像了']","921, , ","['921', '', '', '', '', '', '', '', '', '']",0.0,0.0,1.0,0.0,
698601257a59a31564b9b768,gdelt,global_news,2026-02-06 14:56:37.032,(earthquake OR flood),afmer kuruldu bilimsel afet yönetimi 10 şubatta başlıyor kıbrıs gazetesi kıbrıs haber kktc son dakika gündem haberleri,https://kibrisgazetesi.com/afmer-kuruldu-bilimsel-afet-yonetimi-10-subatta-basliyor/,Turkish,20260123T181500Z,0.0,0.0,0.0,1.0,0.0,0.0,"['afmer kuruldu bilimsel', 'bilimsel afet yönetimi', 'dakika gündem haberleri', 'şubatta başlıyor kıbrıs', 'kuruldu bilimsel afet']","kbrs, afet, afmer","['kbrs', 'afet', 'afmer', 'ubatta', 'son', 'kuruldu', 'kktc', 'haberleri', 'haber', 'gndem']",0.0,0.0,1.0,0.0,
698601257a59a31564b9b769,gdelt,global_news,2026-02-06 14:56:37.032,(earthquake OR flood),落石如籃球大 雲林草嶺149乙線建明隧道拚4月底前完工 生活,https://news.ltn.com.tw/news/life/breakingnews/5326236,Chinese,20260129T074500Z,0.0,0.0,0.0,1.0,0.0,0.0,"['落石如籃球大 雲林草嶺', '乙線建明隧道拚', '落石如籃球大', '雲林草嶺', '月底前完工']","1494, , ","['1494', '', '', '', '', '', '', '', '', '']",0.0,0.0,1.0,0.0,
698626e6809a30b10e4cbf07,gdelt,global_news,2026-02-06 17:37:42.289,(earthquake OR flood),台東卑南規模6 1地震 地震保險基金呼籲投保地震險 產經,https://www.cna.com.tw:443/news/afe/202512240299.aspx,Chinese,20251224T113000Z,0.0,0.0,0.0,1.0,0.0,0.0,"['台東卑南規模', '地震保險基金呼籲投保地震險']",", , ","['', '', '', '', '', '', '', '', '', '']",0.0,0.0,1.0,0.0,
698626e6809a30b10e4cbf08,gdelt,global_news,2026-02-06 17:37:42.289,(earthquake OR flood),戴立忍新片 「 功夫 」 圓武俠夢 體力比柯震東好 娛樂,https://www.cna.com.tw:443/news/amov/202512160227.aspx,Chinese,20251216T091500Z,0.0,0.0,0.0,1.0,0.0,0.0,"['戴立忍新片', '圓武俠夢 體力比柯震東好', '圓武俠夢', '體力比柯震東好']",", , ","['', '', '', '', '', '', '', '', '', '']",0.0,0.0,1.0,0.0,
698626e6809a30b10e4cbf09,gdelt,global_news,2026-02-06 17:37:42.289,(earthquake OR flood),新竹市民 ： 7 0強震搖晃感跟 921 太像了 消防局籲備妥 「 避難包 」 生活,https://news.ltn.com.tw/news/life/breakingnews/5291751,Chinese,20251227T170000Z,0.0,0.0,0.0,1.0,0.0,0.0,"['太像了 消防局籲備妥', '新竹市民', '強震搖晃感跟', '避難包', '太像了']","921, , ","['921', '', '', '', '', '', '', '', '', '']",0.0,0.0,1.0,0.0,
698626e6809a30b10e4cbf0a,gdelt,global_news,2026-02-06 17:37:42.289,(earthquake OR flood),afmer kuruldu bilimsel afet yönetimi 10 şubatta başlıyor kıbrıs gazetesi kıbrıs haber kktc son dakika gündem haberleri,https://kibrisgazetesi.com/afmer-kuruldu-bilimsel-afet-yonetimi-10-subatta-basliyor/,Turkish,20260123T181500Z,0.0,0.0,0.0,1.0,0.0,0.0,"['afmer kuruldu bilimsel', 'bilimsel afet yönetimi', 'dakika gündem haberleri', 'şubatta başlıyor kıbrıs', 'kuruldu bilimsel afet']","kbrs, afet, afmer","['kbrs', 'afet', 'afmer', 'ubatta', 'son', 'kuruldu', 'kktc', 'haberleri', 'haber', 'gndem']",0.0,0.0,1.0,0.0,
698626e6809a30b10e4cbf0b,gdelt,global_news,2026-02-06 17:37:42.289,(earthquake OR flood),落石如籃球大 雲林草嶺149乙線建明隧道拚4月底前完工 生活,https://news.ltn.com.tw/news/life/breakingnews/5326236,Chinese,20260129T074500Z,0.0,0.0,0.0,1.0,0.0,0.0,"['落石如籃球大 雲林草嶺', '乙線建明隧道拚', '落石如籃球大', '雲林草嶺', '月底前完工']","1494, , ","['1494', '', '', '', '', '', '', '', '', '']",0.0,0.0,1.0,0.0,
6986c5399e65fbf31aef1615,gdelt,global_news,2026-02-07 04:53:13.327,(earthquake OR flood),台東卑南規模6 1地震 地震保險基金呼籲投保地震險 產經,https://www.cna.com.tw:443/news/afe/202512240299.aspx,Chinese,20251224T113000Z,0.0,0.0,0.0,1.0,0.0,0.0,"['台東卑南規模', '地震保險基金呼籲投保地震險']",", , ","['', '', '', '', '', '', '', '', '', '']",0.0,0.0,1.0,0.0,
6986c5399e65fbf31aef1616,gdelt,global_news,2026-02-07 04:53:13.330,(earthquake OR flood),戴立忍新片 「 功夫 」 圓武俠夢 體力比柯震東好 娛樂,https://www.cna.com.tw:443/news/amov/202512160227.aspx,Chinese,20251216T091500Z,0.0,0.0,0.0,1.0,0.0,0.0,"['戴立忍新片', '圓武俠夢 體力比柯震東好', '圓武俠夢', '體力比柯震東好']",", , ","['', '', '', '', '', '', '', '', '', '']",0.0,0.0,1.0,0.0,
6986c5399e65fbf31aef1617,gdelt,global_news,2026-02-07 04:53:13.332,(earthquake OR flood),新竹市民 ： 7 0強震搖晃感跟 921 太像了 消防局籲備妥 「 避難包 」 生活,https://news.ltn.com.tw/news/life/breakingnews/5291751,Chinese,20251227T170000Z,0.0,0.0,0.0,1.0,0.0,0.0,"['太像了 消防局籲備妥', '新竹市民', '強震搖晃感跟', '避難包', '太像了']","921, , ","['921', '', '', '', '', '', '', '', '', '']",0.0,0.0,1.0,0.0,
6986c5399e65fbf31aef1618,gdelt,global_news,2026-02-07 04:53:13.333,(earthquake OR flood),afmer kuruldu bilimsel afet yönetimi 10 şubatta başlıyor kıbrıs gazetesi kıbrıs haber kktc son dakika gündem haberleri,https://kibrisgazetesi.com/afmer-kuruldu-bilimsel-afet-yonetimi-10-subatta-basliyor/,Turkish,20260123T181500Z,0.0,0.0,0.0,1.0,0.0,0.0,"['afmer kuruldu bilimsel', 'bilimsel afet yönetimi', 'dakika gündem haberleri', 'şubatta başlıyor kıbrıs', 'kuruldu bilimsel afet']","kbrs, afet, afmer","['kbrs', 'afet', 'afmer', 'ubatta', 'son', 'kuruldu', 'kktc', 'haberleri', 'haber', 'gndem']",0.0,0.0,1.0,0.0,
6986c5399e65fbf31aef1619,gdelt,global_news,2026-02-07 04:53:13.335,(earthquake OR flood),落石如籃球大 雲林草嶺149乙線建明隧道拚4月底前完工 生活,https://news.ltn.com.tw/news/life/breakingnews/5326236,Chinese,20260129T074500Z,0.0,0.0,0.0,1.0,0.0,0.0,"['落石如籃球大 雲林草嶺', '乙線建明隧道拚', '落石如籃球大', '雲林草嶺', '月底前完工']","1494, , ","['1494', '', '', '', '', '', '', '', '', '']",0.0,0.0,1.0,0.0,
6986d1b4a9d19f747cb396cd,gdelt,global_news,2026-02-07 05:46:28.602,(earthquake OR flood),台東卑南規模6 1地震 地震保險基金呼籲投保地震險 產經,https://www.cna.com.tw:443/news/afe/202512240299.aspx,Chinese,20251224T113000Z,0.0,0.0,0.0,1.0,0.0,0.0,"['台東卑南規模', '地震保險基金呼籲投保地震險']",", , ","['', '', '', '', '', '', '', '', '', '']",0.0,0.0,1.0,0.0,
6986d1b4a9d19f747cb396ce,gdelt,global_news,2026-02-07 05:46:28.604,(earthquake OR flood),戴立忍新片 「 功夫 」 圓武俠夢 體力比柯震東好 娛樂,https://www.cna.com.tw:443/news/amov/202512160227.aspx,Chinese,20251216T091500Z,0.0,0.0,0.0,1.0,0.0,0.0,"['戴立忍新片', '圓武俠夢 體力比柯震東好', '圓武俠夢', '體力比柯震東好']",", , ","['', '', '', '', '', '', '', '', '', '']",0.0,0.0,1.0,0.0,
6986d1b4a9d19f747cb396cf,gdelt,global_news,2026-02-07 05:46:28.605,(earthquake OR flood),新竹市民 ： 7 0強震搖晃感跟 921 太像了 消防局籲備妥 「 避難包 」 生活,https://news.ltn.com.tw/news/life/breakingnews/5291751,Chinese,20251227T170000Z,0.0,0.0,0.0,1.0,0.0,0.0,"['太像了 消防局籲備妥', '新竹市民', '強震搖晃感跟', '避難包', '太像了']","921, , ","['921', '', '', '', '', '', '', '', '', '']",0.0,0.0,1.0,0.0,
6986d1b4a9d19f747cb396d0,gdelt,global_news,2026-02-07 05:46:28.606,(earthquake OR flood),afmer kuruldu bilimsel afet yönetimi 10 şubatta başlıyor kıbrıs gazetesi kıbrıs haber kktc son dakika gündem haberleri,https://kibrisgazetesi.com/afmer-kuruldu-bilimsel-afet-yonetimi-10-subatta-basliyor/,Turkish,20260123T181500Z,0.0,0.0,0.0,1.0,0.0,0.0,"['afmer kuruldu bilimsel', 'bilimsel afet yönetimi', 'dakika gündem haberleri', 'şubatta başlıyor kıbrıs', 'kuruldu bilimsel afet']","kbrs, afet, afmer","['kbrs', 'afet', 'afmer', 'ubatta', 'son', 'kuruldu', 'kktc', 'haberleri', 'haber', 'gndem']",0.0,0.0,1.0,0.0,
6986d1b4a9d19f747cb396d1,gdelt,global_news,2026-02-07 05:46:28.608,(earthquake OR flood),落石如籃球大 雲林草嶺149乙線建明隧道拚4月底前完工 生活,https://news.ltn.com.tw/news/life/breakingnews/5326236,Chinese,20260129T074500Z,0.0,0.0,0.0,1.0,0.0,0.0,"['落石如籃球大 雲林草嶺', '乙線建明隧道拚', '落石如籃球大', '雲林草嶺', '月底前完工']","1494, , ","['1494', '', '', '', '', '', '', '', '', '']",0.0,0.0,1.0,0.0,
6986d3cda8c3c4fef25bf64e,gdelt,global_news,2026-02-07 05:55:25.452,(earthquake OR flood),台東卑南規模6 1地震 地震保險基金呼籲投保地震險 產經,https://www.cna.com.tw:443/news/afe/202512240299.aspx,Chinese,20251224T113000Z,0.0,0.0,0.0,1.0,0.0,0.0,"['台東卑南規模', '地震保險基金呼籲投保地震險']",", , ","['', '', '', '', '', '', '', '', '', '']",0.0,0.0,1.0,0.0,
6986d3cda8c3c4fef25bf64f,gdelt,global_news,2026-02-07 05:55:25.454,(earthquake OR flood),戴立忍新片 「 功夫 」 圓武俠夢 體力比柯震東好 娛樂,https://www.cna.com.tw:443/news/amov/202512160227.aspx,Chinese,20251216T091500Z,0.0,0.0,0.0,1.0,0.0,0.0,"['戴立忍新片', '圓武俠夢 體力比柯震東好', '圓武俠夢', '體力比柯震東好']",", , ","['', '', '', '', '', '', '', '', '', '']",0.0,0.0,1.0,0.0,
6986d3cda8c3c4fef25bf650,gdelt,global_news,2026-02-07 05:55:25.455,(earthquake OR flood),新竹市民 ： 7 0強震搖晃感跟 921 太像了 消防局籲備妥 「 避難包 」 生活,https://news.ltn.com.tw/news/life/breakingnews/5291751,Chinese,20251227T170000Z,0.0,0.0,0.0,1.0,0.0,0.0,"['太像了 消防局籲備妥', '新竹市民', '強震搖晃感跟', '避難包', '太像了']","921, , ","['921', '', '', '', '', '', '', '', '', '']",0.0,0.0,1.0,0.0,
6986d3cda8c3c4fef25bf651,gdelt,global_news,2026-02-07 05:55:25.456,(earthquake OR flood),afmer kuruldu bilimsel afet yönetimi 10 şubatta başlıyor kıbrıs gazetesi kıbrıs haber kktc son dakika gündem haberleri,https://kibrisgazetesi.com/afmer-kuruldu-bilimsel-afet-yonetimi-10-subatta-basliyor/,Turkish,20260123T181500Z,0.0,0.0,0.0,1.0,0.0,0.0,"['afmer kuruldu bilimsel', 'bilimsel afet yönetimi', 'dakika gündem haberleri', 'şubatta başlıyor kıbrıs', 'kuruldu bilimsel afet']","kbrs, afet, afmer","['kbrs', 'afet', 'afmer', 'ubatta', 'son', 'kuruldu', 'kktc', 'haberleri', 'haber', 'gndem']",0.0,0.0,1.0,0.0,
6986d3cda8c3c4fef25bf652,gdelt,global_news,2026-02-07 05:55:25.457,(earthquake OR flood),落石如籃球大 雲林草嶺149乙線建明隧道拚4月底前完工 生活,https://news.ltn.com.tw/news/life/breakingnews/5326236,Chinese,20260129T074500Z,0.0,0.0,0.0,1.0,0.0,0.0,"['落石如籃球大 雲林草嶺', '乙線建明隧道拚', '落石如籃球大', '雲林草嶺', '月底前完工']","1494, , ","['1494', '', '', '', '', '', '', '', '', '']",0.0,0.0,1.0,0.0,
6986d80e85166b9379a901ca,gdelt,global_news,2026-02-07 06:13:34.956,(earthquake OR flood),台東卑南規模6 1地震 地震保險基金呼籲投保地震險 產經,https://www.cna.com.tw:443/news/afe/202512240299.aspx,Chinese,20251224T113000Z,0.0,0.0,0.0,1.0,0.0,0.0,"['台東卑南規模', '地震保險基金呼籲投保地震險']",", , ","['', '', '', '', '', '', '', '', '', '']",0.0,0.0,1.0,0.0,
6986d80e85166b9379a901cb,gdelt,global_news,2026-02-07 06:13:34.961,(earthquake OR flood),戴立忍新片 「 功夫 」 圓武俠夢 體力比柯震東好 娛樂,https://www.cna.com.tw:443/news/amov/202512160227.aspx,Chinese,20251216T091500Z,0.0,0.0,0.0,1.0,0.0,0.0,"['戴立忍新片', '圓武俠夢 體力比柯震東好', '圓武俠夢', '體力比柯震東好']",", , ","['', '', '', '', '', '', '', '', '', '']",0.0,0.0,1.0,0.0,
6986d80e85166b9379a901cc,gdelt,global_news,2026-02-07 06:13:34.964,(earthquake OR flood),新竹市民 ： 7 0強震搖晃感跟 921 太像了 消防局籲備妥 「 避難包 」 生活,https://news.ltn.com.tw/news/life/breakingnews/5291751,Chinese,20251227T170000Z,0.0,0.0,0.0,1.0,0.0,0.0,"['太像了 消防局籲備妥', '新竹市民', '強震搖晃感跟', '避難包', '太像了']","921, , ","['921', '', '', '', '', '', '', '', '', '']",0.0,0.0,1.0,0.0,
6986d80e85166b9379a901cd,gdelt,global_news,2026-02-07 06:13:34.968,(earthquake OR flood),afmer kuruldu bilimsel afet yönetimi 10 şubatta başlıyor kıbrıs gazetesi kıbrıs haber kktc son dakika gündem haberleri,https://kibrisgazetesi.com/afmer-kuruldu-bilimsel-afet-yonetimi-10-subatta-basliyor/,Turkish,20260123T181500Z,0.0,0.0,0.0,1.0,0.0,0.0,"['afmer kuruldu bilimsel', 'bilimsel afet yönetimi', 'dakika gündem haberleri', 'şubatta başlıyor kıbrıs', 'kuruldu bilimsel afet']","kbrs, afet, afmer","['kbrs', 'afet', 'afmer', 'ubatta', 'son', 'kuruldu', 'kktc', 'haberleri', 'haber', 'gndem']",0.0,0.0,1.0,0.0,
6986d80e85166b9379a901ce,gdelt,global_news,2026-02-07 06:13:34.971,(earthquake OR flood),落石如籃球大 雲林草嶺149乙線建明隧道拚4月底前完工 生活,https://news.ltn.com.tw/news/life/breakingnews/5326236,Chinese,20260129T074500Z,0.0,0.0,0.0,1.0,0.0,0.0,"['落石如籃球大 雲林草嶺', '乙線建明隧道拚', '落石如籃球大', '雲林草嶺', '月底前完工']","1494, , ","['1494', '', '', '', '', '', '', '', '', '']",0.0,0.0,1.0,0.0,
6986e09ed35496afd293c869,gdelt,global_news,2026-02-07 06:50:06.589,(earthquake OR flood),台東卑南規模6 1地震 地震保險基金呼籲投保地震險 產經,https://www.cna.com.tw:443/news/afe/202512240299.aspx,Chinese,20251224T113000Z,0.0,0.0,0.0,1.0,0.0,0.0,"['台東卑南規模', '地震保險基金呼籲投保地震險']",", , ","['', '', '', '', '', '', '', '', '', '']",,,,,
6986e09ed35496afd293c86a,gdelt,global_news,2026-02-07 06:50:06.651,(earthquake OR flood),戴立忍新片 「 功夫 」 圓武俠夢 體力比柯震東好 娛樂,https://www.cna.com.tw:443/news/amov/202512160227.aspx,Chinese,20251216T091500Z,0.0,0.0,0.0,1.0,0.0,0.0,"['戴立忍新片', '圓武俠夢 體力比柯震東好', '圓武俠夢', '體力比柯震東好']",", , ","['', '', '', '', '', '', '', '', '', '']",,,,,
6986e09ed35496afd293c86b,gdelt,global_news,2026-02-07 06:50:06.658,(earthquake OR flood),新竹市民 ： 7 0強震搖晃感跟 921 太像了 消防局籲備妥 「 避難包 」 生活,https://news.ltn.com.tw/news/life/breakingnews/5291751,Chinese,20251227T170000Z,0.0,0.0,0.0,1.0,0.0,0.0,"['太像了 消防局籲備妥', '新竹市民', '強震搖晃感跟', '避難包', '太像了']","921, , ","['921', '', '', '', '', '', '', '', '', '']",,,,,
6986e09ed35496afd293c86c,gdelt,global_news,2026-02-07 06:50:06.661,(earthquake OR flood),afmer kuruldu bilimsel afet yönetimi 10 şubatta başlıyor kıbrıs gazetesi kıbrıs haber kktc son dakika gündem haberleri,https://kibrisgazetesi.com/afmer-kuruldu-bilimsel-afet-yonetimi-10-subatta-basliyor/,Turkish,20260123T181500Z,0.0,0.0,0.0,1.0,0.0,0.0,"['afmer kuruldu bilimsel', 'bilimsel afet yönetimi', 'dakika gündem haberleri', 'şubatta başlıyor kıbrıs', 'kuruldu bilimsel afet']","kbrs, afet, afmer","['kbrs', 'afet', 'afmer', 'ubatta', 'son', 'kuruldu', 'kktc', 'haberleri', 'haber', 'gndem']",,,,,
6986e09ed35496afd293c86d,gdelt,global_news,2026-02-07 06:50:06.663,(earthquake OR flood),落石如籃球大 雲林草嶺149乙線建明隧道拚4月底前完工 生活,https://news.ltn.com.tw/news/life/breakingnews/5326236,Chinese,20260129T074500Z,0.0,0.0,0.0,1.0,0.0,0.0,"['落石如籃球大 雲林草嶺', '乙線建明隧道拚', '落石如籃球大', '雲林草嶺', '月底前完工']","1494, , ","['1494', '', '', '', '', '', '', '', '', '']",,,,,
6986e2305b5e7f2827658b41,gdelt,global_news,2026-02-07 06:56:48.245,(earthquake OR flood),台東卑南規模6 1地震 地震保險基金呼籲投保地震險 產經,https://www.cna.com.tw:443/news/afe/202512240299.aspx,Chinese,20251224T113000Z,0.0,0.0,0.0,1.0,0.0,0.0,"['台東卑南規模', '地震保險基金呼籲投保地震險']",", , ","['', '', '', '', '', '', '', '', '', '']",,,,,
6986e2305b5e7f2827658b42,gdelt,global_news,2026-02-07 06:56:48.249,(earthquake OR flood),戴立忍新片 「 功夫 」 圓武俠夢 體力比柯震東好 娛樂,https://www.cna.com.tw:443/news/amov/202512160227.aspx,Chinese,20251216T091500Z,0.0,0.0,0.0,1.0,0.0,0.0,"['戴立忍新片', '圓武俠夢 體力比柯震東好', '圓武俠夢', '體力比柯震東好']",", , ","['', '', '', '', '', '', '', '', '', '']",,,,,
6986e2305b5e7f2827658b43,gdelt,global_news,2026-02-07 06:56:48.252,(earthquake OR flood),新竹市民 ： 7 0強震搖晃感跟 921 太像了 消防局籲備妥 「 避難包 」 生活,https://news.ltn.com.tw/news/life/breakingnews/5291751,Chinese,20251227T170000Z,0.0,0.0,0.0,1.0,0.0,0.0,"['太像了 消防局籲備妥', '新竹市民', '強震搖晃感跟', '避難包', '太像了']","921, , ","['921', '', '', '', '', '', '', '', '', '']",,,,,
6986e2305b5e7f2827658b44,gdelt,global_news,2026-02-07 06:56:48.254,(earthquake OR flood),afmer kuruldu bilimsel afet yönetimi 10 şubatta başlıyor kıbrıs gazetesi kıbrıs haber kktc son dakika gündem haberleri,https://kibrisgazetesi.com/afmer-kuruldu-bilimsel-afet-yonetimi-10-subatta-basliyor/,Turkish,20260123T181500Z,0.0,0.0,0.0,1.0,0.0,0.0,"['afmer kuruldu bilimsel', 'bilimsel afet yönetimi', 'dakika gündem haberleri', 'şubatta başlıyor kıbrıs', 'kuruldu bilimsel afet']","kbrs, afet, afmer","['kbrs', 'afet', 'afmer', 'ubatta', 'son', 'kuruldu', 'kktc', 'haberleri', 'haber', 'gndem']",,,,,
6986e2305b5e7f2827658b45,gdelt,global_news,2026-02-07 06:56:48.257,(earthquake OR flood),落石如籃球大 雲林草嶺149乙線建明隧道拚4月底前完工 生活,https://news.ltn.com.tw/news/life/breakingnews/5326236,Chinese,20260129T074500Z,0.0,0.0,0.0,1.0,0.0,0.0,"['落石如籃球大 雲林草嶺', '乙線建明隧道拚', '落石如籃球大', '雲林草嶺', '月底前完工']","1494, , ","['1494', '', '', '', '', '', '', '', '', '']",,,,,
6986e6f4db0ae8e0edca7c8e,gdelt,global_news,2026-02-07 07:17:08.112,(earthquake OR flood),台東卑南規模6 1地震 地震保險基金呼籲投保地震險 產經,https://www.cna.com.tw:443/news/afe/202512240299.aspx,Chinese,20251224T113000Z,0.0,0.0,0.0,1.0,0.0,0.0,"['台東卑南規模', '地震保險基金呼籲投保地震險']",", , ","['', '', '', '', '', '', '', '', '', '']",,,,,
6986e6f4db0ae8e0edca7c8f,gdelt,global_news,2026-02-07 07:17:08.114,(earthquake OR flood),戴立忍新片 「 功夫 」 圓武俠夢 體力比柯震東好 娛樂,https://www.cna.com.tw:443/news/amov/202512160227.aspx,Chinese,20251216T091500Z,0.0,0.0,0.0,1.0,0.0,0.0,"['戴立忍新片', '圓武俠夢 體力比柯震東好', '圓武俠夢', '體力比柯震東好']",", , ","['', '', '', '', '', '', '', '', '', '']",,,,,
6986e6f4db0ae8e0edca7c90,gdelt,global_news,2026-02-07 07:17:08.114,(earthquake OR flood),新竹市民 ： 7 0強震搖晃感跟 921 太像了 消防局籲備妥 「 避難包 」 生活,https://news.ltn.com.tw/news/life/breakingnews/5291751,Chinese,20251227T170000Z,0.0,0.0,0.0,1.0,0.0,0.0,"['太像了 消防局籲備妥', '新竹市民', '強震搖晃感跟', '避難包', '太像了']","921, , ","['921', '', '', '', '', '', '', '', '', '']",,,,,
6986e6f4db0ae8e0edca7c91,gdelt,global_news,2026-02-07 07:17:08.115,(earthquake OR flood),afmer kuruldu bilimsel afet yönetimi 10 şubatta başlıyor kıbrıs gazetesi kıbrıs haber kktc son dakika gündem haberleri,https://kibrisgazetesi.com/afmer-kuruldu-bilimsel-afet-yonetimi-10-subatta-basliyor/,Turkish,20260123T181500Z,0.0,0.0,0.0,1.0,0.0,0.0,"['afmer kuruldu bilimsel', 'bilimsel afet yönetimi', 'dakika gündem haberleri', 'şubatta başlıyor kıbrıs', 'kuruldu bilimsel afet']","kbrs, afet, afmer","['kbrs', 'afet', 'afmer', 'ubatta', 'son', 'kuruldu', 'kktc', 'haberleri', 'haber', 'gndem']",,,,,
6986e6f4db0ae8e0edca7c92,gdelt,global_news,2026-02-07 07:17:08.116,(earthquake OR flood),落石如籃球大 雲林草嶺149乙線建明隧道拚4月底前完工 生活,https://news.ltn.com.tw/news/life/breakingnews/5326236,Chinese,20260129T074500Z,0.0,0.0,0.0,1.0,0.0,0.0,"['落石如籃球大 雲林草嶺', '乙線建明隧道拚', '落石如籃球大', '雲林草嶺', '月底前完工']","1494, , ","['1494', '', '', '', '', '', '', '', '', '']",,,,,
6986ea04cbe0d5edc11c8d42,gdelt,global_news,2026-02-07 07:30:12.761,(earthquake OR flood),台東卑南規模6 1地震 地震保險基金呼籲投保地震險 產經,https://www.cna.com.tw:443/news/afe/202512240299.aspx,Chinese,20251224T113000Z,0.0,0.0,0.0,1.0,0.0,0.0,"['台東卑南規模', '地震保險基金呼籲投保地震險']",", , ","['', '', '', '', '', '', '', '', '', '']",,,,,
6986ea04cbe0d5edc11c8d43,gdelt,global_news,2026-02-07 07:30:12.763,(earthquake OR flood),戴立忍新片 「 功夫 」 圓武俠夢 體力比柯震東好 娛樂,https://www.cna.com.tw:443/news/amov/202512160227.aspx,Chinese,20251216T091500Z,0.0,0.0,0.0,1.0,0.0,0.0,"['戴立忍新片', '圓武俠夢 體力比柯震東好', '圓武俠夢', '體力比柯震東好']",", , ","['', '', '', '', '', '', '', '', '', '']",,,,,
6986ea04cbe0d5edc11c8d44,gdelt,global_news,2026-02-07 07:30:12.764,(earthquake OR flood),新竹市民 ： 7 0強震搖晃感跟 921 太像了 消防局籲備妥 「 避難包 」 生活,https://news.ltn.com.tw/news/life/breakingnews/5291751,Chinese,20251227T170000Z,0.0,0.0,0.0,1.0,0.0,0.0,"['太像了 消防局籲備妥', '新竹市民', '強震搖晃感跟', '避難包', '太像了']","921, , ","['921', '', '', '', '', '', '', '', '', '']",,,,,
6986ea04cbe0d5edc11c8d45,gdelt,global_news,2026-02-07 07:30:12.765,(earthquake OR flood),afmer kuruldu bilimsel afet yönetimi 10 şubatta başlıyor kıbrıs gazetesi kıbrıs haber kktc son dakika gündem haberleri,https://kibrisgazetesi.com/afmer-kuruldu-bilimsel-afet-yonetimi-10-subatta-basliyor/,Turkish,20260123T181500Z,0.0,0.0,0.0,1.0,0.0,0.0,"['afmer kuruldu bilimsel', 'bilimsel afet yönetimi', 'dakika gündem haberleri', 'şubatta başlıyor kıbrıs', 'kuruldu bilimsel afet']","kbrs, afet, afmer","['kbrs', 'afet', 'afmer', 'ubatta', 'son', 'kuruldu', 'kktc', 'haberleri', 'haber', 'gndem']",,,,,
6986ea04cbe0d5edc11c8d46,gdelt,global_news,2026-02-07 07:30:12.767,(earthquake OR flood),落石如籃球大 雲林草嶺149乙線建明隧道拚4月底前完工 生活,https://news.ltn.com.tw/news/life/breakingnews/5326236,Chinese,20260129T074500Z,0.0,0.0,0.0,1.0,0.0,0.0,"['落石如籃球大 雲林草嶺', '乙線建明隧道拚', '落石如籃球大', '雲林草嶺', '月底前完工']","1494, , ","['1494', '', '', '', '', '', '', '', '', '']",,,,,
6986ec47f034bb44a450be72,gdelt,global_news,2026-02-07 07:39:51.271,(earthquake OR flood),台東卑南規模6 1地震 地震保險基金呼籲投保地震險 產經,https://www.cna.com.tw:443/news/afe/202512240299.aspx,Chinese,20251224T113000Z,0.0,0.0,0.0,1.0,0.0,0.0,"['台東卑南規模', '地震保險基金呼籲投保地震險']",", , ","['', '', '', '', '', '', '', '', '', '']",,,,,
6986ec47f034bb44a450be73,gdelt,global_news,2026-02-07 07:39:51.273,(earthquake OR flood),戴立忍新片 「 功夫 」 圓武俠夢 體力比柯震東好 娛樂,https://www.cna.com.tw:443/news/amov/202512160227.aspx,Chinese,20251216T091500Z,0.0,0.0,0.0,1.0,0.0,0.0,"['戴立忍新片', '圓武俠夢 體力比柯震東好', '圓武俠夢', '體力比柯震東好']",", , ","['', '', '', '', '', '', '', '', '', '']",,,,,
6986ec47f034bb44a450be74,gdelt,global_news,2026-02-07 07:39:51.274,(earthquake OR flood),新竹市民 ： 7 0強震搖晃感跟 921 太像了 消防局籲備妥 「 避難包 」 生活,https://news.ltn.com.tw/news/life/breakingnews/5291751,Chinese,20251227T170000Z,0.0,0.0,0.0,1.0,0.0,0.0,"['太像了 消防局籲備妥', '新竹市民', '強震搖晃感跟', '避難包', '太像了']","921, , ","['921', '', '', '', '', '', '', '', '', '']",,,,,
6986ec47f034bb44a450be75,gdelt,global_news,2026-02-07 07:39:51.274,(earthquake OR flood),afmer kuruldu bilimsel afet yönetimi 10 şubatta başlıyor kıbrıs gazetesi kıbrıs haber kktc son dakika gündem haberleri,https://kibrisgazetesi.com/afmer-kuruldu-bilimsel-afet-yonetimi-10-subatta-basliyor/,Turkish,20260123T181500Z,0.0,0.0,0.0,1.0,0.0,0.0,"['afmer kuruldu bilimsel', 'bilimsel afet yönetimi', 'dakika gündem haberleri', 'şubatta başlıyor kıbrıs', 'kuruldu bilimsel afet']","kbrs, afet, afmer","['kbrs', 'afet', 'afmer', 'ubatta', 'son', 'kuruldu', 'kktc', 'haberleri', 'haber', 'gndem']",,,,,
6986ec47f034bb44a450be76,gdelt,global_news,2026-02-07 07:39:51.275,(earthquake OR flood),落石如籃球大 雲林草嶺149乙線建明隧道拚4月底前完工 生活,https://news.ltn.com.tw/news/life/breakingnews/5326236,Chinese,20260129T074500Z,0.0,0.0,0.0,1.0,0.0,0.0,"['落石如籃球大 雲林草嶺', '乙線建明隧道拚', '落石如籃球大', '雲林草嶺', '月底前完工']","1494, , ","['1494', '', '', '', '', '', '', '', '', '']",,,,,
6986f2b5ed165caad0ca1954,gdelt,global_news,2026-02-07 08:07:17.403,(earthquake OR flood),台東卑南規模6 1地震 地震保險基金呼籲投保地震險 產經,https://www.cna.com.tw:443/news/afe/202512240299.aspx,Chinese,20251224T113000Z,0.0,0.0,0.0,1.0,0.0,0.0,"['台東卑南規模', '地震保險基金呼籲投保地震險']",", , ","['', '', '', '', '', '', '', '', '', '']",,,,,
6986f2b5ed165caad0ca1955,gdelt,global_news,2026-02-07 08:07:17.405,(earthquake OR flood),戴立忍新片 「 功夫 」 圓武俠夢 體力比柯震東好 娛樂,https://www.cna.com.tw:443/news/amov/202512160227.aspx,Chinese,20251216T091500Z,0.0,0.0,0.0,1.0,0.0,0.0,"['戴立忍新片', '圓武俠夢 體力比柯震東好', '圓武俠夢', '體力比柯震東好']",", , ","['', '', '', '', '', '', '', '', '', '']",,,,,
6986f2b5ed165caad0ca1956,gdelt,global_news,2026-02-07 08:07:17.406,(earthquake OR flood),新竹市民 ： 7 0強震搖晃感跟 921 太像了 消防局籲備妥 「 避難包 」 生活,https://news.ltn.com.tw/news/life/breakingnews/5291751,Chinese,20251227T170000Z,0.0,0.0,0.0,1.0,0.0,0.0,"['太像了 消防局籲備妥', '新竹市民', '強震搖晃感跟', '避難包', '太像了']","921, , ","['921', '', '', '', '', '', '', '', '', '']",,,,,
6986f2b5ed165caad0ca1957,gdelt,global_news,2026-02-07 08:07:17.407,(earthquake OR flood),afmer kuruldu bilimsel afet yönetimi 10 şubatta başlıyor kıbrıs gazetesi kıbrıs haber kktc son dakika gündem haberleri,https://kibrisgazetesi.com/afmer-kuruldu-bilimsel-afet-yonetimi-10-subatta-basliyor/,Turkish,20260123T181500Z,0.0,0.0,0.0,1.0,0.0,0.0,"['afmer kuruldu bilimsel', 'bilimsel afet yönetimi', 'dakika gündem haberleri', 'şubatta başlıyor kıbrıs', 'kuruldu bilimsel afet']","kbrs, afet, afmer","['kbrs', 'afet', 'afmer', 'ubatta', 'son', 'kuruldu', 'kktc', 'haberleri', 'haber', 'gndem']",,,,,
6986f2b5ed165caad0ca1958,gdelt,global_news,2026-02-07 08:07:17.408,(earthquake OR flood),落石如籃球大 雲林草嶺149乙線建明隧道拚4月底前完工 生活,https://news.ltn.com.tw/news/life/breakingnews/5326236,Chinese,20260129T074500Z,0.0,0.0,0.0,1.0,0.0,0.0,"['落石如籃球大 雲林草嶺', '乙線建明隧道拚', '落石如籃球大', '雲林草嶺', '月底前完工']","1494, , ","['1494', '', '', '', '', '', '', '', '', '']",,,,,
698713429a886ea5c92a21d5,gdelt,global_news,2026-02-07 10:26:10.446,(earthquake OR flood),台東卑南規模6 1地震 地震保險基金呼籲投保地震險 產經,https://www.cna.com.tw:443/news/afe/202512240299.aspx,Chinese,20251224T113000Z,0.0,0.0,0.0,1.0,0.0,0.0,"['台東卑南規模', '地震保險基金呼籲投保地震險']",", , ","['', '', '', '', '', '', '', '', '', '']",,,,,
698713429a886ea5c92a21d6,gdelt,global_news,2026-02-07 10:26:10.448,(earthquake OR flood),戴立忍新片 「 功夫 」 圓武俠夢 體力比柯震東好 娛樂,https://www.cna.com.tw:443/news/amov/202512160227.aspx,Chinese,20251216T091500Z,0.0,0.0,0.0,1.0,0.0,0.0,"['戴立忍新片', '圓武俠夢 體力比柯震東好', '圓武俠夢', '體力比柯震東好']",", , ","['', '', '', '', '', '', '', '', '', '']",,,,,
698713429a886ea5c92a21d7,gdelt,global_news,2026-02-07 10:26:10.449,(earthquake OR flood),新竹市民 ： 7 0強震搖晃感跟 921 太像了 消防局籲備妥 「 避難包 」 生活,https://news.ltn.com.tw/news/life/breakingnews/5291751,Chinese,20251227T170000Z,0.0,0.0,0.0,1.0,0.0,0.0,"['太像了 消防局籲備妥', '新竹市民', '強震搖晃感跟', '避難包', '太像了']","921, , ","['921', '', '', '', '', '', '', '', '', '']",,,,,
698713429a886ea5c92a21d8,gdelt,global_news,2026-02-07 10:26:10.450,(earthquake OR flood),afmer kuruldu bilimsel afet yönetimi 10 şubatta başlıyor kıbrıs gazetesi kıbrıs haber kktc son dakika gündem haberleri,https://kibrisgazetesi.com/afmer-kuruldu-bilimsel-afet-yonetimi-10-subatta-basliyor/,Turkish,20260123T181500Z,0.0,0.0,0.0,1.0,0.0,0.0,"['afmer kuruldu bilimsel', 'bilimsel afet yönetimi', 'dakika gündem haberleri', 'şubatta başlıyor kıbrıs', 'kuruldu bilimsel afet']","kbrs, afet, afmer","['kbrs', 'afet', 'afmer', 'ubatta', 'son', 'kuruldu', 'kktc', 'haberleri', 'haber', 'gndem']",,,,,
698713429a886ea5c92a21d9,gdelt,global_news,2026-02-07 10:26:10.451,(earthquake OR flood),落石如籃球大 雲林草嶺149乙線建明隧道拚4月底前完工 生活,https://news.ltn.com.tw/news/life/breakingnews/5326236,Chinese,20260129T074500Z,0.0,0.0,0.0,1.0,0.0,0.0,"['落石如籃球大 雲林草嶺', '乙線建明隧道拚', '落石如籃球大', '雲林草嶺', '月底前完工']","1494, , ","['1494', '', '', '', '', '', '', '', '', '']",,,,,
6987144431432274cbae8951,gdelt,global_news,2026-02-07 10:30:28.181,(earthquake OR flood),台東卑南規模6 1地震 地震保險基金呼籲投保地震險 產經,https://www.cna.com.tw:443/news/afe/202512240299.aspx,Chinese,20251224T113000Z,0.0,0.0,0.0,1.0,0.0,0.0,"['台東卑南規模', '地震保險基金呼籲投保地震險']",", , ","['', '', '', '', '', '', '', '', '', '']",,,,,
6987144431432274cbae8952,gdelt,global_news,2026-02-07 10:30:28.184,(earthquake OR flood),戴立忍新片 「 功夫 」 圓武俠夢 體力比柯震東好 娛樂,https://www.cna.com.tw:443/news/amov/202512160227.aspx,Chinese,20251216T091500Z,0.0,0.0,0.0,1.0,0.0,0.0,"['戴立忍新片', '圓武俠夢 體力比柯震東好', '圓武俠夢', '體力比柯震東好']",", , ","['', '', '', '', '', '', '', '', '', '']",,,,,
6987144431432274cbae8953,gdelt,global_news,2026-02-07 10:30:28.185,(earthquake OR flood),新竹市民 ： 7 0強震搖晃感跟 921 太像了 消防局籲備妥 「 避難包 」 生活,https://news.ltn.com.tw/news/life/breakingnews/5291751,Chinese,20251227T170000Z,0.0,0.0,0.0,1.0,0.0,0.0,"['太像了 消防局籲備妥', '新竹市民', '強震搖晃感跟', '避難包', '太像了']","921, , ","['921', '', '', '', '', '', '', '', '', '']",,,,,
6987144431432274cbae8954,gdelt,global_news,2026-02-07 10:30:28.186,(earthquake OR flood),afmer kuruldu bilimsel afet yönetimi 10 şubatta başlıyor kıbrıs gazetesi kıbrıs haber kktc son dakika gündem haberleri,https://kibrisgazetesi.com/afmer-kuruldu-bilimsel-afet-yonetimi-10-subatta-basliyor/,Turkish,20260123T181500Z,0.0,0.0,0.0,1.0,0.0,0.0,"['afmer kuruldu bilimsel', 'bilimsel afet yönetimi', 'dakika gündem haberleri', 'şubatta başlıyor kıbrıs', 'kuruldu bilimsel afet']","kbrs, afet, afmer","['kbrs', 'afet', 'afmer', 'ubatta', 'son', 'kuruldu', 'kktc', 'haberleri', 'haber', 'gndem']",,,,,
6987144431432274cbae8955,gdelt,global_news,2026-02-07 10:30:28.186,(earthquake OR flood),落石如籃球大 雲林草嶺149乙線建明隧道拚4月底前完工 生活,https://news.ltn.com.tw/news/life/breakingnews/5326236,Chinese,20260129T074500Z,0.0,0.0,0.0,1.0,0.0,0.0,"['落石如籃球大 雲林草嶺', '乙線建明隧道拚', '落石如籃球大', '雲林草嶺', '月底前完工']","1494, , ","['1494', '', '', '', '', '', '', '', '', '']",,,,,
6987175badcc4cedb83b8223,gdelt,global_news,2026-02-07 10:43:39.223,(earthquake OR flood),台東卑南規模6 1地震 地震保險基金呼籲投保地震險 產經,https://www.cna.com.tw:443/news/afe/202512240299.aspx,Chinese,20251224T113000Z,0.0,0.0,0.0,1.0,0.0,0.0,"['台東卑南規模', '地震保險基金呼籲投保地震險']",", , ","['', '', '', '', '', '', '', '', '', '']",,,,,
6987175badcc4cedb83b8224,gdelt,global_news,2026-02-07 10:43:39.223,(earthquake OR flood),戴立忍新片 「 功夫 」 圓武俠夢 體力比柯震東好 娛樂,https://www.cna.com.tw:443/news/amov/202512160227.aspx,Chinese,20251216T091500Z,0.0,0.0,0.0,1.0,0.0,0.0,"['戴立忍新片', '圓武俠夢 體力比柯震東好', '圓武俠夢', '體力比柯震東好']",", , ","['', '', '', '', '', '', '', '', '', '']",,,,,
6987175badcc4cedb83b8225,gdelt,global_news,2026-02-07 10:43:39.224,(earthquake OR flood),新竹市民 ： 7 0強震搖晃感跟 921 太像了 消防局籲備妥 「 避難包 」 生活,https://news.ltn.com.tw/news/life/breakingnews/5291751,Chinese,20251227T170000Z,0.0,0.0,0.0,1.0,0.0,0.0,"['太像了 消防局籲備妥', '新竹市民', '強震搖晃感跟', '避難包', '太像了']","921, , ","['921', '', '', '', '', '', '', '', '', '']",,,,,
6987175badcc4cedb83b8226,gdelt,global_news,2026-02-07 10:43:39.225,(earthquake OR flood),afmer kuruldu bilimsel afet yönetimi 10 şubatta başlıyor kıbrıs gazetesi kıbrıs haber kktc son dakika gündem haberleri,https://kibrisgazetesi.com/afmer-kuruldu-bilimsel-afet-yonetimi-10-subatta-basliyor/,Turkish,20260123T181500Z,0.0,0.0,0.0,1.0,0.0,0.0,"['afmer kuruldu bilimsel', 'bilimsel afet yönetimi', 'dakika gündem haberleri', 'şubatta başlıyor kıbrıs', 'kuruldu bilimsel afet']","kbrs, afet, afmer","['kbrs', 'afet', 'afmer', 'ubatta', 'son', 'kuruldu', 'kktc', 'haberleri', 'haber', 'gndem']",,,,,
6987175badcc4cedb83b8227,gdelt,global_news,2026-02-07 10:43:39.225,(earthquake OR flood),落石如籃球大 雲林草嶺149乙線建明隧道拚4月底前完工 生活,https://news.ltn.com.tw/news/life/breakingnews/5326236,Chinese,20260129T074500Z,0.0,0.0,0.0,1.0,0.0,0.0,"['落石如籃球大 雲林草嶺', '乙線建明隧道拚', '落石如籃球大', '雲林草嶺', '月底前完工']","1494, , ","['1494', '', '', '', '', '', '', '', '', '']",,,,,
69876fa56ea3ff3909394dd4,gdelt,global_news,2026-02-07 17:00:21.471,(earthquake OR flood),台東卑南規模6 1地震 地震保險基金呼籲投保地震險 產經,https://www.cna.com.tw:443/news/afe/202512240299.aspx,Chinese,20251224T113000Z,0.0,0.0,0.0,1.0,0.0,0.0,"['台東卑南規模', '地震保險基金呼籲投保地震險']",", , ","['', '', '', '', '', '', '', '', '', '']",,,,,
69876fa56ea3ff3909394dd5,gdelt,global_news,2026-02-07 17:00:21.474,(earthquake OR flood),戴立忍新片 「 功夫 」 圓武俠夢 體力比柯震東好 娛樂,https://www.cna.com.tw:443/news/amov/202512160227.aspx,Chinese,20251216T091500Z,0.0,0.0,0.0,1.0,0.0,0.0,"['戴立忍新片', '圓武俠夢 體力比柯震東好', '圓武俠夢', '體力比柯震東好']",", , ","['', '', '', '', '', '', '', '', '', '']",,,,,
69876fa56ea3ff3909394dd6,gdelt,global_news,2026-02-07 17:00:21.475,(earthquake OR flood),新竹市民 ： 7 0強震搖晃感跟 921 太像了 消防局籲備妥 「 避難包 」 生活,https://news.ltn.com.tw/news/life/breakingnews/5291751,Chinese,20251227T170000Z,0.0,0.0,0.0,1.0,0.0,0.0,"['太像了 消防局籲備妥', '新竹市民', '強震搖晃感跟', '避難包', '太像了']","921, , ","['921', '', '', '', '', '', '', '', '', '']",,,,,
69876fa56ea3ff3909394dd7,gdelt,global_news,2026-02-07 17:00:21.476,(earthquake OR flood),afmer kuruldu bilimsel afet yönetimi 10 şubatta başlıyor kıbrıs gazetesi kıbrıs haber kktc son dakika gündem haberleri,https://kibrisgazetesi.com/afmer-kuruldu-bilimsel-afet-yonetimi-10-subatta-basliyor/,Turkish,20260123T181500Z,0.0,0.0,0.0,1.0,0.0,0.0,"['afmer kuruldu bilimsel', 'bilimsel afet yönetimi', 'dakika gündem haberleri', 'şubatta başlıyor kıbrıs', 'kuruldu bilimsel afet']","kbrs, afet, afmer","['kbrs', 'afet', 'afmer', 'ubatta', 'son', 'kuruldu', 'kktc', 'haberleri', 'haber', 'gndem']",,,,,
69876fa56ea3ff3909394dd8,gdelt,global_news,2026-02-07 17:00:21.478,(earthquake OR flood),落石如籃球大 雲林草嶺149乙線建明隧道拚4月底前完工 生活,https://news.ltn.com.tw/news/life/breakingnews/5326236,Chinese,20260129T074500Z,0.0,0.0,0.0,1.0,0.0,0.0,"['落石如籃球大 雲林草嶺', '乙線建明隧道拚', '落石如籃球大', '雲林草嶺', '月底前完工']","1494, , ","['1494', '', '', '', '', '', '', '', '', '']",,,,,
69878e803969323ad5ae2408,gdelt,global_news,2026-02-07 19:12:00.650,(earthquake OR flood),台東卑南規模6 1地震 地震保險基金呼籲投保地震險 產經,https://www.cna.com.tw:443/news/afe/202512240299.aspx,Chinese,20251224T113000Z,0.0,0.0,0.0,1.0,0.0,0.0,"['台東卑南規模', '地震保險基金呼籲投保地震險']",", , ","['', '', '', '', '', '', '', '', '', '']",,,,,
69878e803969323ad5ae2409,gdelt,global_news,2026-02-07 19:12:00.653,(earthquake OR flood),戴立忍新片 「 功夫 」 圓武俠夢 體力比柯震東好 娛樂,https://www.cna.com.tw:443/news/amov/202512160227.aspx,Chinese,20251216T091500Z,0.0,0.0,0.0,1.0,0.0,0.0,"['戴立忍新片', '圓武俠夢 體力比柯震東好', '圓武俠夢', '體力比柯震東好']",", , ","['', '', '', '', '', '', '', '', '', '']",,,,,
69878e803969323ad5ae240a,gdelt,global_news,2026-02-07 19:12:00.654,(earthquake OR flood),新竹市民 ： 7 0強震搖晃感跟 921 太像了 消防局籲備妥 「 避難包 」 生活,https://news.ltn.com.tw/news/life/breakingnews/5291751,Chinese,20251227T170000Z,0.0,0.0,0.0,1.0,0.0,0.0,"['太像了 消防局籲備妥', '新竹市民', '強震搖晃感跟', '避難包', '太像了']","921, , ","['921', '', '', '', '', '', '', '', '', '']",,,,,
69878e803969323ad5ae240b,gdelt,global_news,2026-02-07 19:12:00.655,(earthquake OR flood),afmer kuruldu bilimsel afet yönetimi 10 şubatta başlıyor kıbrıs gazetesi kıbrıs haber kktc son dakika gündem haberleri,https://kibrisgazetesi.com/afmer-kuruldu-bilimsel-afet-yonetimi-10-subatta-basliyor/,Turkish,20260123T181500Z,0.0,0.0,0.0,1.0,0.0,0.0,"['afmer kuruldu bilimsel', 'bilimsel afet yönetimi', 'dakika gündem haberleri', 'şubatta başlıyor kıbrıs', 'kuruldu bilimsel afet']","kbrs, afet, afmer","['kbrs', 'afet', 'afmer', 'ubatta', 'son', 'kuruldu', 'kktc', 'haberleri', 'haber', 'gndem']",,,,,
69878e803969323ad5ae240c,gdelt,global_news,2026-02-07 19:12:00.656,(earthquake OR flood),落石如籃球大 雲林草嶺149乙線建明隧道拚4月底前完工 生活,https://news.ltn.com.tw/news/life/breakingnews/5326236,Chinese,20260129T074500Z,0.0,0.0,0.0,1.0,0.0,0.0,"['落石如籃球大 雲林草嶺', '乙線建明隧道拚', '落石如籃球大', '雲林草嶺', '月底前完工']","1494, , ","['1494', '', '', '', '', '', '', '', '', '']",,,,,
698790715801f732d72f3639,gdelt,global_news,2026-02-07 19:20:17.097,(earthquake OR flood),台東卑南規模6 1地震 地震保險基金呼籲投保地震險 產經,https://www.cna.com.tw:443/news/afe/202512240299.aspx,Chinese,20251224T113000Z,0.0,0.0,0.0,1.0,0.0,0.0,"['台東卑南規模', '地震保險基金呼籲投保地震險']",", , ","['', '', '', '', '', '', '', '', '', '']",,,,,
698790715801f732d72f363a,gdelt,global_news,2026-02-07 19:20:17.099,(earthquake OR flood),戴立忍新片 「 功夫 」 圓武俠夢 體力比柯震東好 娛樂,https://www.cna.com.tw:443/news/amov/202512160227.aspx,Chinese,20251216T091500Z,0.0,0.0,0.0,1.0,0.0,0.0,"['戴立忍新片', '圓武俠夢 體力比柯震東好', '圓武俠夢', '體力比柯震東好']",", , ","['', '', '', '', '', '', '', '', '', '']",,,,,
698790715801f732d72f363b,gdelt,global_news,2026-02-07 19:20:17.100,(earthquake OR flood),新竹市民 ： 7 0強震搖晃感跟 921 太像了 消防局籲備妥 「 避難包 」 生活,https://news.ltn.com.tw/news/life/breakingnews/5291751,Chinese,20251227T170000Z,0.0,0.0,0.0,1.0,0.0,0.0,"['太像了 消防局籲備妥', '新竹市民', '強震搖晃感跟', '避難包', '太像了']","921, , ","['921', '', '', '', '', '', '', '', '', '']",,,,,
698790715801f732d72f363c,gdelt,global_news,2026-02-07 19:20:17.101,(earthquake OR flood),afmer kuruldu bilimsel afet yönetimi 10 şubatta başlıyor kıbrıs gazetesi kıbrıs haber kktc son dakika gündem haberleri,https://kibrisgazetesi.com/afmer-kuruldu-bilimsel-afet-yonetimi-10-subatta-basliyor/,Turkish,20260123T181500Z,0.0,0.0,0.0,1.0,0.0,0.0,"['afmer kuruldu bilimsel', 'bilimsel afet yönetimi', 'dakika gündem haberleri', 'şubatta başlıyor kıbrıs', 'kuruldu bilimsel afet']","kbrs, afet, afmer","['kbrs', 'afet', 'afmer', 'ubatta', 'son', 'kuruldu', 'kktc', 'haberleri', 'haber', 'gndem']",,,,,
698790715801f732d72f363d,gdelt,global_news,2026-02-07 19:20:17.101,(earthquake OR flood),落石如籃球大 雲林草嶺149乙線建明隧道拚4月底前完工 生活,https://news.ltn.com.tw/news/life/breakingnews/5326236,Chinese,20260129T074500Z,0.0,0.0,0.0,1.0,0.0,0.0,"['落石如籃球大 雲林草嶺', '乙線建明隧道拚', '落石如籃球大', '雲林草嶺', '月底前完工']","1494, , ","['1494', '', '', '', '', '', '', '', '', '']",,,,,
698790a3ade8e421ee7f90ff,gdelt,global_news,2026-02-07 19:21:07.826,(earthquake OR flood),台東卑南規模6 1地震 地震保險基金呼籲投保地震險 產經,https://www.cna.com.tw:443/news/afe/202512240299.aspx,Chinese,20251224T113000Z,0.0,0.0,0.0,1.0,0.0,0.0,"['台東卑南規模', '地震保險基金呼籲投保地震險']",", , ","['', '', '', '', '', '', '', '', '', '']",,,,,
698790a3ade8e421ee7f9100,gdelt,global_news,2026-02-07 19:21:07.827,(earthquake OR flood),戴立忍新片 「 功夫 」 圓武俠夢 體力比柯震東好 娛樂,https://www.cna.com.tw:443/news/amov/202512160227.aspx,Chinese,20251216T091500Z,0.0,0.0,0.0,1.0,0.0,0.0,"['戴立忍新片', '圓武俠夢 體力比柯震東好', '圓武俠夢', '體力比柯震東好']",", , ","['', '', '', '', '', '', '', '', '', '']",,,,,
698790a3ade8e421ee7f9101,gdelt,global_news,2026-02-07 19:21:07.828,(earthquake OR flood),新竹市民 ： 7 0強震搖晃感跟 921 太像了 消防局籲備妥 「 避難包 」 生活,https://news.ltn.com.tw/news/life/breakingnews/5291751,Chinese,20251227T170000Z,0.0,0.0,0.0,1.0,0.0,0.0,"['太像了 消防局籲備妥', '新竹市民', '強震搖晃感跟', '避難包', '太像了']","921, , ","['921', '', '', '', '', '', '', '', '', '']",,,,,
698790a3ade8e421ee7f9102,gdelt,global_news,2026-02-07 19:21:07.829,(earthquake OR flood),afmer kuruldu bilimsel afet yönetimi 10 şubatta başlıyor kıbrıs gazetesi kıbrıs haber kktc son dakika gündem haberleri,https://kibrisgazetesi.com/afmer-kuruldu-bilimsel-afet-yonetimi-10-subatta-basliyor/,Turkish,20260123T181500Z,0.0,0.0,0.0,1.0,0.0,0.0,"['afmer kuruldu bilimsel', 'bilimsel afet yönetimi', 'dakika gündem haberleri', 'şubatta başlıyor kıbrıs', 'kuruldu bilimsel afet']","kbrs, afet, afmer","['kbrs', 'afet', 'afmer', 'ubatta', 'son', 'kuruldu', 'kktc', 'haberleri', 'haber', 'gndem']",,,,,
698790a3ade8e421ee7f9103,gdelt,global_news,2026-02-07 19:21:07.829,(earthquake OR flood),落石如籃球大 雲林草嶺149乙線建明隧道拚4月底前完工 生活,https://news.ltn.com.tw/news/life/breakingnews/5326236,Chinese,20260129T074500Z,0.0,0.0,0.0,1.0,0.0,0.0,"['落石如籃球大 雲林草嶺', '乙線建明隧道拚', '落石如籃球大', '雲林草嶺', '月底前完工']","1494, , ","['1494', '', '', '', '', '', '', '', '', '']",,,,,
698796332207b8455f9751ca,gdelt,global_news,2026-02-07 19:44:51.337,(earthquake OR flood),台東卑南規模6 1地震 地震保險基金呼籲投保地震險 產經,https://www.cna.com.tw:443/news/afe/202512240299.aspx,Chinese,20251224T113000Z,0.0,0.0,0.0,1.0,0.0,0.0,"['台東卑南規模', '地震保險基金呼籲投保地震險']",", , ","['', '', '', '', '', '', '', '', '', '']",,,,,
698796332207b8455f9751cb,gdelt,global_news,2026-02-07 19:44:51.338,(earthquake OR flood),戴立忍新片 「 功夫 」 圓武俠夢 體力比柯震東好 娛樂,https://www.cna.com.tw:443/news/amov/202512160227.aspx,Chinese,20251216T091500Z,0.0,0.0,0.0,1.0,0.0,0.0,"['戴立忍新片', '圓武俠夢 體力比柯震東好', '圓武俠夢', '體力比柯震東好']",", , ","['', '', '', '', '', '', '', '', '', '']",,,,,
698796332207b8455f9751cc,gdelt,global_news,2026-02-07 19:44:51.339,(earthquake OR flood),新竹市民 ： 7 0強震搖晃感跟 921 太像了 消防局籲備妥 「 避難包 」 生活,https://news.ltn.com.tw/news/life/breakingnews/5291751,Chinese,20251227T170000Z,0.0,0.0,0.0,1.0,0.0,0.0,"['太像了 消防局籲備妥', '新竹市民', '強震搖晃感跟', '避難包', '太像了']","921, , ","['921', '', '', '', '', '', '', '', '', '']",,,,,
698796332207b8455f9751cd,gdelt,global_news,2026-02-07 19:44:51.340,(earthquake OR flood),afmer kuruldu bilimsel afet yönetimi 10 şubatta başlıyor kıbrıs gazetesi kıbrıs haber kktc son dakika gündem haberleri,https://kibrisgazetesi.com/afmer-kuruldu-bilimsel-afet-yonetimi-10-subatta-basliyor/,Turkish,20260123T181500Z,0.0,0.0,0.0,1.0,0.0,0.0,"['afmer kuruldu bilimsel', 'bilimsel afet yönetimi', 'dakika gündem haberleri', 'şubatta başlıyor kıbrıs', 'kuruldu bilimsel afet']","kbrs, afet, afmer","['kbrs', 'afet', 'afmer', 'ubatta', 'son', 'kuruldu', 'kktc', 'haberleri', 'haber', 'gndem']",,,,,
698796332207b8455f9751ce,gdelt,global_news,2026-02-07 19:44:51.340,(earthquake OR flood),落石如籃球大 雲林草嶺149乙線建明隧道拚4月底前完工 生活,https://news.ltn.com.tw/news/life/breakingnews/5326236,Chinese,20260129T074500Z,0.0,0.0,0.0,1.0,0.0,0.0,"['落石如籃球大 雲林草嶺', '乙線建明隧道拚', '落石如籃球大', '雲林草嶺', '月底前完工']","1494, , ","['1494', '', '', '', '', '', '', '', '', '']",,,,,
6987a06290a4309fa7ce6c4d,gdelt,global_news,2026-02-07 20:28:18.020,(earthquake OR flood),台東卑南規模6 1地震 地震保險基金呼籲投保地震險 產經,https://www.cna.com.tw:443/news/afe/202512240299.aspx,Chinese,20251224T113000Z,0.0,0.0,0.0,1.0,0.0,0.0,"['台東卑南規模', '地震保險基金呼籲投保地震險']",", , ","['', '', '', '', '', '', '', '', '', '']",,,,,
6987a06290a4309fa7ce6c4e,gdelt,global_news,2026-02-07 20:28:18.022,(earthquake OR flood),戴立忍新片 「 功夫 」 圓武俠夢 體力比柯震東好 娛樂,https://www.cna.com.tw:443/news/amov/202512160227.aspx,Chinese,20251216T091500Z,0.0,0.0,0.0,1.0,0.0,0.0,"['戴立忍新片', '圓武俠夢 體力比柯震東好', '圓武俠夢', '體力比柯震東好']",", , ","['', '', '', '', '', '', '', '', '', '']",,,,,
6987a06290a4309fa7ce6c4f,gdelt,global_news,2026-02-07 20:28:18.023,(earthquake OR flood),新竹市民 ： 7 0強震搖晃感跟 921 太像了 消防局籲備妥 「 避難包 」 生活,https://news.ltn.com.tw/news/life/breakingnews/5291751,Chinese,20251227T170000Z,0.0,0.0,0.0,1.0,0.0,0.0,"['太像了 消防局籲備妥', '新竹市民', '強震搖晃感跟', '避難包', '太像了']","921, , ","['921', '', '', '', '', '', '', '', '', '']",,,,,
6987a06290a4309fa7ce6c50,gdelt,global_news,2026-02-07 20:28:18.024,(earthquake OR flood),afmer kuruldu bilimsel afet yönetimi 10 şubatta başlıyor kıbrıs gazetesi kıbrıs haber kktc son dakika gündem haberleri,https://kibrisgazetesi.com/afmer-kuruldu-bilimsel-afet-yonetimi-10-subatta-basliyor/,Turkish,20260123T181500Z,0.0,0.0,0.0,1.0,0.0,0.0,"['afmer kuruldu bilimsel', 'bilimsel afet yönetimi', 'dakika gündem haberleri', 'şubatta başlıyor kıbrıs', 'kuruldu bilimsel afet']","kbrs, afet, afmer","['kbrs', 'afet', 'afmer', 'ubatta', 'son', 'kuruldu', 'kktc', 'haberleri', 'haber', 'gndem']",,,,,
6987a06290a4309fa7ce6c51,gdelt,global_news,2026-02-07 20:28:18.024,(earthquake OR flood),落石如籃球大 雲林草嶺149乙線建明隧道拚4月底前完工 生活,https://news.ltn.com.tw/news/life/breakingnews/5326236,Chinese,20260129T074500Z,0.0,0.0,0.0,1.0,0.0,0.0,"['落石如籃球大 雲林草嶺', '乙線建明隧道拚', '落石如籃球大', '雲林草嶺', '月底前完工']","1494, , ","['1494', '', '', '', '', '', '', '', '', '']",,,,,
6987a0e8d6f9797808ba96c6,gdelt,global_news,2026-02-07 20:30:32.126,(earthquake OR flood),台東卑南規模6 1地震 地震保險基金呼籲投保地震險 產經,https://www.cna.com.tw:443/news/afe/202512240299.aspx,Chinese,20251224T113000Z,0.0,0.0,0.0,1.0,0.0,0.0,"['台東卑南規模', '地震保險基金呼籲投保地震險']",", , ","['', '', '', '', '', '', '', '', '', '']",,,,,
6987a0e8d6f9797808ba96c7,gdelt,global_news,2026-02-07 20:30:32.127,(earthquake OR flood),戴立忍新片 「 功夫 」 圓武俠夢 體力比柯震東好 娛樂,https://www.cna.com.tw:443/news/amov/202512160227.aspx,Chinese,20251216T091500Z,0.0,0.0,0.0,1.0,0.0,0.0,"['戴立忍新片', '圓武俠夢 體力比柯震東好', '圓武俠夢', '體力比柯震東好']",", , ","['', '', '', '', '', '', '', '', '', '']",,,,,
6987a0e8d6f9797808ba96c8,gdelt,global_news,2026-02-07 20:30:32.127,(earthquake OR flood),新竹市民 ： 7 0強震搖晃感跟 921 太像了 消防局籲備妥 「 避難包 」 生活,https://news.ltn.com.tw/news/life/breakingnews/5291751,Chinese,20251227T170000Z,0.0,0.0,0.0,1.0,0.0,0.0,"['太像了 消防局籲備妥', '新竹市民', '強震搖晃感跟', '避難包', '太像了']","921, , ","['921', '', '', '', '', '', '', '', '', '']",,,,,
6987a0e8d6f9797808ba96c9,gdelt,global_news,2026-02-07 20:30:32.128,(earthquake OR flood),afmer kuruldu bilimsel afet yönetimi 10 şubatta başlıyor kıbrıs gazetesi kıbrıs haber kktc son dakika gündem haberleri,https://kibrisgazetesi.com/afmer-kuruldu-bilimsel-afet-yonetimi-10-subatta-basliyor/,Turkish,20260123T181500Z,0.0,0.0,0.0,1.0,0.0,0.0,"['afmer kuruldu bilimsel', 'bilimsel afet yönetimi', 'dakika gündem haberleri', 'şubatta başlıyor kıbrıs', 'kuruldu bilimsel afet']","kbrs, afet, afmer","['kbrs', 'afet', 'afmer', 'ubatta', 'son', 'kuruldu', 'kktc', 'haberleri', 'haber', 'gndem']",,,,,
6987a0e8d6f9797808ba96ca,gdelt,global_news,2026-02-07 20:30:32.129,(earthquake OR flood),落石如籃球大 雲林草嶺149乙線建明隧道拚4月底前完工 生活,https://news.ltn.com.tw/news/life/breakingnews/5326236,Chinese,20260129T074500Z,0.0,0.0,0.0,1.0,0.0,0.0,"['落石如籃球大 雲林草嶺', '乙線建明隧道拚', '落石如籃球大', '雲林草嶺', '月底前完工']","1494, , ","['1494', '', '', '', '', '', '', '', '', '']",,,,,
6987af16d6f9797808ba9826,gdelt,global_news,2026-02-07 21:31:02.327,(earthquake OR flood),台東卑南規模6 1地震 地震保險基金呼籲投保地震險 產經,https://www.cna.com.tw:443/news/afe/202512240299.aspx,Chinese,20251224T113000Z,0.0,0.0,0.0,1.0,0.0,0.0,"['台東卑南規模', '地震保險基金呼籲投保地震險']",", , ","['', '', '', '', '', '', '', '', '', '']",,,,,
6987af16d6f9797808ba9827,gdelt,global_news,2026-02-07 21:31:02.331,(earthquake OR flood),戴立忍新片 「 功夫 」 圓武俠夢 體力比柯震東好 娛樂,https://www.cna.com.tw:443/news/amov/202512160227.aspx,Chinese,20251216T091500Z,0.0,0.0,0.0,1.0,0.0,0.0,"['戴立忍新片', '圓武俠夢 體力比柯震東好', '圓武俠夢', '體力比柯震東好']",", , ","['', '', '', '', '', '', '', '', '', '']",,,,,
6987af16d6f9797808ba9828,gdelt,global_news,2026-02-07 21:31:02.332,(earthquake OR flood),新竹市民 ： 7 0強震搖晃感跟 921 太像了 消防局籲備妥 「 避難包 」 生活,https://news.ltn.com.tw/news/life/breakingnews/5291751,Chinese,20251227T170000Z,0.0,0.0,0.0,1.0,0.0,0.0,"['太像了 消防局籲備妥', '新竹市民', '強震搖晃感跟', '避難包', '太像了']","921, , ","['921', '', '', '', '', '', '', '', '', '']",,,,,
6987af16d6f9797808ba9829,gdelt,global_news,2026-02-07 21:31:02.333,(earthquake OR flood),afmer kuruldu bilimsel afet yönetimi 10 şubatta başlıyor kıbrıs gazetesi kıbrıs haber kktc son dakika gündem haberleri,https://kibrisgazetesi.com/afmer-kuruldu-bilimsel-afet-yonetimi-10-subatta-basliyor/,Turkish,20260123T181500Z,0.0,0.0,0.0,1.0,0.0,0.0,"['afmer kuruldu bilimsel', 'bilimsel afet yönetimi', 'dakika gündem haberleri', 'şubatta başlıyor kıbrıs', 'kuruldu bilimsel afet']","kbrs, afet, afmer","['kbrs', 'afet', 'afmer', 'ubatta', 'son', 'kuruldu', 'kktc', 'haberleri', 'haber', 'gndem']",,,,,
6987af16d6f9797808ba982a,gdelt,global_news,2026-02-07 21:31:02.334,(earthquake OR flood),落石如籃球大 雲林草嶺149乙線建明隧道拚4月底前完工 生活,https://news.ltn.com.tw/news/life/breakingnews/5326236,Chinese,20260129T074500Z,0.0,0.0,0.0,1.0,0.0,0.0,"['落石如籃球大 雲林草嶺', '乙線建明隧道拚', '落石如籃球大', '雲林草嶺', '月底前完工']","1494, , ","['1494', '', '', '', '', '', '', '', '', '']",,,,,
6987b153fe85256b790730f3,gdelt,global_news,2026-02-07 21:40:35.647,(earthquake OR flood),台東卑南規模6 1地震 地震保險基金呼籲投保地震險 產經,https://www.cna.com.tw:443/news/afe/202512240299.aspx,Chinese,20251224T113000Z,0.0,0.0,0.0,1.0,0.0,0.0,"['台東卑南規模', '地震保險基金呼籲投保地震險']",", , ","['', '', '', '', '', '', '', '', '', '']",,,,,
6987b153fe85256b790730f4,gdelt,global_news,2026-02-07 21:40:35.650,(earthquake OR flood),戴立忍新片 「 功夫 」 圓武俠夢 體力比柯震東好 娛樂,https://www.cna.com.tw:443/news/amov/202512160227.aspx,Chinese,20251216T091500Z,0.0,0.0,0.0,1.0,0.0,0.0,"['戴立忍新片', '圓武俠夢 體力比柯震東好', '圓武俠夢', '體力比柯震東好']",", , ","['', '', '', '', '', '', '', '', '', '']",,,,,
6987b153fe85256b790730f5,gdelt,global_news,2026-02-07 21:40:35.651,(earthquake OR flood),新竹市民 ： 7 0強震搖晃感跟 921 太像了 消防局籲備妥 「 避難包 」 生活,https://news.ltn.com.tw/news/life/breakingnews/5291751,Chinese,20251227T170000Z,0.0,0.0,0.0,1.0,0.0,0.0,"['太像了 消防局籲備妥', '新竹市民', '強震搖晃感跟', '避難包', '太像了']","921, , ","['921', '', '', '', '', '', '', '', '', '']",,,,,
6987b153fe85256b790730f6,gdelt,global_news,2026-02-07 21:40:35.651,(earthquake OR flood),afmer kuruldu bilimsel afet yönetimi 10 şubatta başlıyor kıbrıs gazetesi kıbrıs haber kktc son dakika gündem haberleri,https://kibrisgazetesi.com/afmer-kuruldu-bilimsel-afet-yonetimi-10-subatta-basliyor/,Turkish,20260123T181500Z,0.0,0.0,0.0,1.0,0.0,0.0,"['afmer kuruldu bilimsel', 'bilimsel afet yönetimi', 'dakika gündem haberleri', 'şubatta başlıyor kıbrıs', 'kuruldu bilimsel afet']","kbrs, afet, afmer","['kbrs', 'afet', 'afmer', 'ubatta', 'son', 'kuruldu', 'kktc', 'haberleri', 'haber', 'gndem']",,,,,
6987b153fe85256b790730f7,gdelt,global_news,2026-02-07 21:40:35.651,(earthquake OR flood),落石如籃球大 雲林草嶺149乙線建明隧道拚4月底前完工 生活,https://news.ltn.com.tw/news/life/breakingnews/5326236,Chinese,20260129T074500Z,0.0,0.0,0.0,1.0,0.0,0.0,"['落石如籃球大 雲林草嶺', '乙線建明隧道拚', '落石如籃球大', '雲林草嶺', '月底前完工']","1494, , ","['1494', '', '', '', '', '', '', '', '', '']",,,,,
6987b946ec7a28bbb0656e54,gdelt,global_news,2026-02-07 22:14:30.013,(earthquake OR flood),台東卑南規模6 1地震 地震保險基金呼籲投保地震險 產經,https://www.cna.com.tw:443/news/afe/202512240299.aspx,Chinese,20251224T113000Z,0.0,0.0,0.0,1.0,0.0,0.0,"['台東卑南規模', '地震保險基金呼籲投保地震險']",", , ","['', '', '', '', '', '', '', '', '', '']",,,,,
6987b946ec7a28bbb0656e55,gdelt,global_news,2026-02-07 22:14:30.015,(earthquake OR flood),戴立忍新片 「 功夫 」 圓武俠夢 體力比柯震東好 娛樂,https://www.cna.com.tw:443/news/amov/202512160227.aspx,Chinese,20251216T091500Z,0.0,0.0,0.0,1.0,0.0,0.0,"['戴立忍新片', '圓武俠夢 體力比柯震東好', '圓武俠夢', '體力比柯震東好']",", , ","['', '', '', '', '', '', '', '', '', '']",,,,,
6987b946ec7a28bbb0656e56,gdelt,global_news,2026-02-07 22:14:30.015,(earthquake OR flood),新竹市民 ： 7 0強震搖晃感跟 921 太像了 消防局籲備妥 「 避難包 」 生活,https://news.ltn.com.tw/news/life/breakingnews/5291751,Chinese,20251227T170000Z,0.0,0.0,0.0,1.0,0.0,0.0,"['太像了 消防局籲備妥', '新竹市民', '強震搖晃感跟', '避難包', '太像了']","921, , ","['921', '', '', '', '', '', '', '', '', '']",,,,,
6987b946ec7a28bbb0656e57,gdelt,global_news,2026-02-07 22:14:30.016,(earthquake OR flood),afmer kuruldu bilimsel afet yönetimi 10 şubatta başlıyor kıbrıs gazetesi kıbrıs haber kktc son dakika gündem haberleri,https://kibrisgazetesi.com/afmer-kuruldu-bilimsel-afet-yonetimi-10-subatta-basliyor/,Turkish,20260123T181500Z,0.0,0.0,0.0,1.0,0.0,0.0,"['afmer kuruldu bilimsel', 'bilimsel afet yönetimi', 'dakika gündem haberleri', 'şubatta başlıyor kıbrıs', 'kuruldu bilimsel afet']","kbrs, afet, afmer","['kbrs', 'afet', 'afmer', 'ubatta', 'son', 'kuruldu', 'kktc', 'haberleri', 'haber', 'gndem']",,,,,
6987b946ec7a28bbb0656e58,gdelt,global_news,2026-02-07 22:14:30.017,(earthquake OR flood),落石如籃球大 雲林草嶺149乙線建明隧道拚4月底前完工 生活,https://news.ltn.com.tw/news/life/breakingnews/5326236,Chinese,20260129T074500Z,0.0,0.0,0.0,1.0,0.0,0.0,"['落石如籃球大 雲林草嶺', '乙線建明隧道拚', '落石如籃球大', '雲林草嶺', '月底前完工']","1494, , ","['1494', '', '', '', '', '', '', '', '', '']",,,,,
6987bd3ad6f9797808ba9991,gdelt,global_news,2026-02-07 22:31:22.804,(earthquake OR flood),台東卑南規模6 1地震 地震保險基金呼籲投保地震險 產經,https://www.cna.com.tw:443/news/afe/202512240299.aspx,Chinese,20251224T113000Z,0.0,0.0,0.0,1.0,0.0,0.0,"['台東卑南規模', '地震保險基金呼籲投保地震險']",", , ","['', '', '', '', '', '', '', '', '', '']",,,,,
6987bd3ad6f9797808ba9992,gdelt,global_news,2026-02-07 22:31:22.805,(earthquake OR flood),戴立忍新片 「 功夫 」 圓武俠夢 體力比柯震東好 娛樂,https://www.cna.com.tw:443/news/amov/202512160227.aspx,Chinese,20251216T091500Z,0.0,0.0,0.0,1.0,0.0,0.0,"['戴立忍新片', '圓武俠夢 體力比柯震東好', '圓武俠夢', '體力比柯震東好']",", , ","['', '', '', '', '', '', '', '', '', '']",,,,,
6987bd3ad6f9797808ba9993,gdelt,global_news,2026-02-07 22:31:22.806,(earthquake OR flood),新竹市民 ： 7 0強震搖晃感跟 921 太像了 消防局籲備妥 「 避難包 」 生活,https://news.ltn.com.tw/news/life/breakingnews/5291751,Chinese,20251227T170000Z,0.0,0.0,0.0,1.0,0.0,0.0,"['太像了 消防局籲備妥', '新竹市民', '強震搖晃感跟', '避難包', '太像了']","921, , ","['921', '', '', '', '', '', '', '', '', '']",,,,,
6987bd3ad6f9797808ba9994,gdelt,global_news,2026-02-07 22:31:22.806,(earthquake OR flood),afmer kuruldu bilimsel afet yönetimi 10 şubatta başlıyor kıbrıs gazetesi kıbrıs haber kktc son dakika gündem haberleri,https://kibrisgazetesi.com/afmer-kuruldu-bilimsel-afet-yonetimi-10-subatta-basliyor/,Turkish,20260123T181500Z,0.0,0.0,0.0,1.0,0.0,0.0,"['afmer kuruldu bilimsel', 'bilimsel afet yönetimi', 'dakika gündem haberleri', 'şubatta başlıyor kıbrıs', 'kuruldu bilimsel afet']","kbrs, afet, afmer","['kbrs', 'afet', 'afmer', 'ubatta', 'son', 'kuruldu', 'kktc', 'haberleri', 'haber', 'gndem']",,,,,
6987bd3ad6f9797808ba9995,gdelt,global_news,2026-02-07 22:31:22.809,(earthquake OR flood),落石如籃球大 雲林草嶺149乙線建明隧道拚4月底前完工 生活,https://news.ltn.com.tw/news/life/breakingnews/5326236,Chinese,20260129T074500Z,0.0,0.0,0.0,1.0,0.0,0.0,"['落石如籃球大 雲林草嶺', '乙線建明隧道拚', '落石如籃球大', '雲林草嶺', '月底前完工']","1494, , ","['1494', '', '', '', '', '', '', '', '', '']",,,,,
6987c213f3c0d1fdb35de10e,gdelt,global_news,2026-02-07 22:52:03.623,(earthquake OR flood),台東卑南規模6 1地震 地震保險基金呼籲投保地震險 產經,https://www.cna.com.tw:443/news/afe/202512240299.aspx,Chinese,20251224T113000Z,0.0,0.0,0.0,1.0,0.0,0.0,"['台東卑南規模', '地震保險基金呼籲投保地震險']",", , ","['', '', '', '', '', '', '', '', '', '']",,,,,
6987c213f3c0d1fdb35de10f,gdelt,global_news,2026-02-07 22:52:03.626,(earthquake OR flood),戴立忍新片 「 功夫 」 圓武俠夢 體力比柯震東好 娛樂,https://www.cna.com.tw:443/news/amov/202512160227.aspx,Chinese,20251216T091500Z,0.0,0.0,0.0,1.0,0.0,0.0,"['戴立忍新片', '圓武俠夢 體力比柯震東好', '圓武俠夢', '體力比柯震東好']",", , ","['', '', '', '', '', '', '', '', '', '']",,,,,
6987c213f3c0d1fdb35de110,gdelt,global_news,2026-02-07 22:52:03.627,(earthquake OR flood),新竹市民 ： 7 0強震搖晃感跟 921 太像了 消防局籲備妥 「 避難包 」 生活,https://news.ltn.com.tw/news/life/breakingnews/5291751,Chinese,20251227T170000Z,0.0,0.0,0.0,1.0,0.0,0.0,"['太像了 消防局籲備妥', '新竹市民', '強震搖晃感跟', '避難包', '太像了']","921, , ","['921', '', '', '', '', '', '', '', '', '']",,,,,
6987c213f3c0d1fdb35de111,gdelt,global_news,2026-02-07 22:52:03.628,(earthquake OR flood),afmer kuruldu bilimsel afet yönetimi 10 şubatta başlıyor kıbrıs gazetesi kıbrıs haber kktc son dakika gündem haberleri,https://kibrisgazetesi.com/afmer-kuruldu-bilimsel-afet-yonetimi-10-subatta-basliyor/,Turkish,20260123T181500Z,0.0,0.0,0.0,1.0,0.0,0.0,"['afmer kuruldu bilimsel', 'bilimsel afet yönetimi', 'dakika gündem haberleri', 'şubatta başlıyor kıbrıs', 'kuruldu bilimsel afet']","kbrs, afet, afmer","['kbrs', 'afet', 'afmer', 'ubatta', 'son', 'kuruldu', 'kktc', 'haberleri', 'haber', 'gndem']",,,,,
6987c213f3c0d1fdb35de112,gdelt,global_news,2026-02-07 22:52:03.629,(earthquake OR flood),落石如籃球大 雲林草嶺149乙線建明隧道拚4月底前完工 生活,https://news.ltn.com.tw/news/life/breakingnews/5326236,Chinese,20260129T074500Z,0.0,0.0,0.0,1.0,0.0,0.0,"['落石如籃球大 雲林草嶺', '乙線建明隧道拚', '落石如籃球大', '雲林草嶺', '月底前完工']","1494, , ","['1494', '', '', '', '', '', '', '', '', '']",,,,,
6987c4c7c6b97fbd8769ac64,gdelt,global_news,2026-02-07 23:03:35.997,(earthquake OR flood),台東卑南規模6 1地震 地震保險基金呼籲投保地震險 產經,https://www.cna.com.tw:443/news/afe/202512240299.aspx,Chinese,20251224T113000Z,0.0,0.0,0.0,1.0,0.0,0.0,"['台東卑南規模', '地震保險基金呼籲投保地震險']",", , ","['', '', '', '', '', '', '', '', '', '']",,,,,
6987c4c8c6b97fbd8769ac65,gdelt,global_news,2026-02-07 23:03:36.000,(earthquake OR flood),戴立忍新片 「 功夫 」 圓武俠夢 體力比柯震東好 娛樂,https://www.cna.com.tw:443/news/amov/202512160227.aspx,Chinese,20251216T091500Z,0.0,0.0,0.0,1.0,0.0,0.0,"['戴立忍新片', '圓武俠夢 體力比柯震東好', '圓武俠夢', '體力比柯震東好']",", , ","['', '', '', '', '', '', '', '', '', '']",,,,,
6987c4c8c6b97fbd8769ac66,gdelt,global_news,2026-02-07 23:03:36.000,(earthquake OR flood),新竹市民 ： 7 0強震搖晃感跟 921 太像了 消防局籲備妥 「 避難包 」 生活,https://news.ltn.com.tw/news/life/breakingnews/5291751,Chinese,20251227T170000Z,0.0,0.0,0.0,1.0,0.0,0.0,"['太像了 消防局籲備妥', '新竹市民', '強震搖晃感跟', '避難包', '太像了']","921, , ","['921', '', '', '', '', '', '', '', '', '']",,,,,
6987c4c8c6b97fbd8769ac67,gdelt,global_news,2026-02-07 23:03:36.001,(earthquake OR flood),afmer kuruldu bilimsel afet yönetimi 10 şubatta başlıyor kıbrıs gazetesi kıbrıs haber kktc son dakika gündem haberleri,https://kibrisgazetesi.com/afmer-kuruldu-bilimsel-afet-yonetimi-10-subatta-basliyor/,Turkish,20260123T181500Z,0.0,0.0,0.0,1.0,0.0,0.0,"['afmer kuruldu bilimsel', 'bilimsel afet yönetimi', 'dakika gündem haberleri', 'şubatta başlıyor kıbrıs', 'kuruldu bilimsel afet']","kbrs, afet, afmer","['kbrs', 'afet', 'afmer', 'ubatta', 'son', 'kuruldu', 'kktc', 'haberleri', 'haber', 'gndem']",,,,,
6987c4c8c6b97fbd8769ac68,gdelt,global_news,2026-02-07 23:03:36.002,(earthquake OR flood),落石如籃球大 雲林草嶺149乙線建明隧道拚4月底前完工 生活,https://news.ltn.com.tw/news/life/breakingnews/5326236,Chinese,20260129T074500Z,0.0,0.0,0.0,1.0,0.0,0.0,"['落石如籃球大 雲林草嶺', '乙線建明隧道拚', '落石如籃球大', '雲林草嶺', '月底前完工']","1494, , ","['1494', '', '', '', '', '', '', '', '', '']",,,,,
6987c570f6e83fcbb459e63d,gdelt,global_news,2026-02-07 23:06:24.624,(earthquake OR flood),台東卑南規模6 1地震 地震保險基金呼籲投保地震險 產經,https://www.cna.com.tw:443/news/afe/202512240299.aspx,Chinese,20251224T113000Z,0.0,0.0,0.0,1.0,0.0,0.0,"['台東卑南規模', '地震保險基金呼籲投保地震險']",", , ","['', '', '', '', '', '', '', '', '', '']",,,,,
6987c570f6e83fcbb459e63e,gdelt,global_news,2026-02-07 23:06:24.625,(earthquake OR flood),戴立忍新片 「 功夫 」 圓武俠夢 體力比柯震東好 娛樂,https://www.cna.com.tw:443/news/amov/202512160227.aspx,Chinese,20251216T091500Z,0.0,0.0,0.0,1.0,0.0,0.0,"['戴立忍新片', '圓武俠夢 體力比柯震東好', '圓武俠夢', '體力比柯震東好']",", , ","['', '', '', '', '', '', '', '', '', '']",,,,,
6987c570f6e83fcbb459e63f,gdelt,global_news,2026-02-07 23:06:24.626,(earthquake OR flood),新竹市民 ： 7 0強震搖晃感跟 921 太像了 消防局籲備妥 「 避難包 」 生活,https://news.ltn.com.tw/news/life/breakingnews/5291751,Chinese,20251227T170000Z,0.0,0.0,0.0,1.0,0.0,0.0,"['太像了 消防局籲備妥', '新竹市民', '強震搖晃感跟', '避難包', '太像了']","921, , ","['921', '', '', '', '', '', '', '', '', '']",,,,,
6987c570f6e83fcbb459e640,gdelt,global_news,2026-02-07 23:06:24.626,(earthquake OR flood),afmer kuruldu bilimsel afet yönetimi 10 şubatta başlıyor kıbrıs gazetesi kıbrıs haber kktc son dakika gündem haberleri,https://kibrisgazetesi.com/afmer-kuruldu-bilimsel-afet-yonetimi-10-subatta-basliyor/,Turkish,20260123T181500Z,0.0,0.0,0.0,1.0,0.0,0.0,"['afmer kuruldu bilimsel', 'bilimsel afet yönetimi', 'dakika gündem haberleri', 'şubatta başlıyor kıbrıs', 'kuruldu bilimsel afet']","kbrs, afet, afmer","['kbrs', 'afet', 'afmer', 'ubatta', 'son', 'kuruldu', 'kktc', 'haberleri', 'haber', 'gndem']",,,,,
6987c570f6e83fcbb459e641,gdelt,global_news,2026-02-07 23:06:24.627,(earthquake OR flood),落石如籃球大 雲林草嶺149乙線建明隧道拚4月底前完工 生活,https://news.ltn.com.tw/news/life/breakingnews/5326236,Chinese,20260129T074500Z,0.0,0.0,0.0,1.0,0.0,0.0,"['落石如籃球大 雲林草嶺', '乙線建明隧道拚', '落石如籃球大', '雲林草嶺', '月底前完工']","1494, , ","['1494', '', '', '', '', '', '', '', '', '']",,,,,
6987c7b3c978d27d3ed40531,gdelt,global_news,2026-02-07 23:16:03.995,(earthquake OR flood),台東卑南規模6 1地震 地震保險基金呼籲投保地震險 產經,https://www.cna.com.tw:443/news/afe/202512240299.aspx,Chinese,20251224T113000Z,0.0,0.0,0.0,1.0,0.0,0.0,"['台東卑南規模', '地震保險基金呼籲投保地震險']",", , ","['', '', '', '', '', '', '', '', '', '']",,,,,
6987c7b3c978d27d3ed40532,gdelt,global_news,2026-02-07 23:16:03.996,(earthquake OR flood),戴立忍新片 「 功夫 」 圓武俠夢 體力比柯震東好 娛樂,https://www.cna.com.tw:443/news/amov/202512160227.aspx,Chinese,20251216T091500Z,0.0,0.0,0.0,1.0,0.0,0.0,"['戴立忍新片', '圓武俠夢 體力比柯震東好', '圓武俠夢', '體力比柯震東好']",", , ","['', '', '', '', '', '', '', '', '', '']",,,,,
6987c7b3c978d27d3ed40533,gdelt,global_news,2026-02-07 23:16:03.998,(earthquake OR flood),新竹市民 ： 7 0強震搖晃感跟 921 太像了 消防局籲備妥 「 避難包 」 生活,https://news.ltn.com.tw/news/life/breakingnews/5291751,Chinese,20251227T170000Z,0.0,0.0,0.0,1.0,0.0,0.0,"['太像了 消防局籲備妥', '新竹市民', '強震搖晃感跟', '避難包', '太像了']","921, , ","['921', '', '', '', '', '', '', '', '', '']",,,,,
6987c7b3c978d27d3ed40534,gdelt,global_news,2026-02-07 23:16:03.998,(earthquake OR flood),afmer kuruldu bilimsel afet yönetimi 10 şubatta başlıyor kıbrıs gazetesi kıbrıs haber kktc son dakika gündem haberleri,https://kibrisgazetesi.com/afmer-kuruldu-bilimsel-afet-yonetimi-10-subatta-basliyor/,Turkish,20260123T181500Z,0.0,0.0,0.0,1.0,0.0,0.0,"['afmer kuruldu bilimsel', 'bilimsel afet yönetimi', 'dakika gündem haberleri', 'şubatta başlıyor kıbrıs', 'kuruldu bilimsel afet']","kbrs, afet, afmer","['kbrs', 'afet', 'afmer', 'ubatta', 'son', 'kuruldu', 'kktc', 'haberleri', 'haber', 'gndem']",,,,,
6987c7b3c978d27d3ed40535,gdelt,global_news,2026-02-07 23:16:03.999,(earthquake OR flood),落石如籃球大 雲林草嶺149乙線建明隧道拚4月底前完工 生活,https://news.ltn.com.tw/news/life/breakingnews/5326236,Chinese,20260129T074500Z,0.0,0.0,0.0,1.0,0.0,0.0,"['落石如籃球大 雲林草嶺', '乙線建明隧道拚', '落石如籃球大', '雲林草嶺', '月底前完工']","1494, , ","['1494', '', '', '', '', '', '', '', '', '']",,,,,
6987c92dafef768d271ddfe7,gdelt,global_news,2026-02-07 23:22:21.345,(earthquake OR flood),台東卑南規模6 1地震 地震保險基金呼籲投保地震險 產經,https://www.cna.com.tw:443/news/afe/202512240299.aspx,Chinese,20251224T113000Z,0.0,0.0,0.0,1.0,0.0,0.0,"['台東卑南規模', '地震保險基金呼籲投保地震險']",", , ","['', '', '', '', '', '', '', '', '', '']",,,,,
6987c92dafef768d271ddfe8,gdelt,global_news,2026-02-07 23:22:21.348,(earthquake OR flood),戴立忍新片 「 功夫 」 圓武俠夢 體力比柯震東好 娛樂,https://www.cna.com.tw:443/news/amov/202512160227.aspx,Chinese,20251216T091500Z,0.0,0.0,0.0,1.0,0.0,0.0,"['戴立忍新片', '圓武俠夢 體力比柯震東好', '圓武俠夢', '體力比柯震東好']",", , ","['', '', '', '', '', '', '', '', '', '']",,,,,
6987c92dafef768d271ddfe9,gdelt,global_news,2026-02-07 23:22:21.348,(earthquake OR flood),新竹市民 ： 7 0強震搖晃感跟 921 太像了 消防局籲備妥 「 避難包 」 生活,https://news.ltn.com.tw/news/life/breakingnews/5291751,Chinese,20251227T170000Z,0.0,0.0,0.0,1.0,0.0,0.0,"['太像了 消防局籲備妥', '新竹市民', '強震搖晃感跟', '避難包', '太像了']","921, , ","['921', '', '', '', '', '', '', '', '', '']",,,,,
6987c92dafef768d271ddfea,gdelt,global_news,2026-02-07 23:22:21.349,(earthquake OR flood),afmer kuruldu bilimsel afet yönetimi 10 şubatta başlıyor kıbrıs gazetesi kıbrıs haber kktc son dakika gündem haberleri,https://kibrisgazetesi.com/afmer-kuruldu-bilimsel-afet-yonetimi-10-subatta-basliyor/,Turkish,20260123T181500Z,0.0,0.0,0.0,1.0,0.0,0.0,"['afmer kuruldu bilimsel', 'bilimsel afet yönetimi', 'dakika gündem haberleri', 'şubatta başlıyor kıbrıs', 'kuruldu bilimsel afet']","kbrs, afet, afmer","['kbrs', 'afet', 'afmer', 'ubatta', 'son', 'kuruldu', 'kktc', 'haberleri', 'haber', 'gndem']",,,,,
6987c92dafef768d271ddfeb,gdelt,global_news,2026-02-07 23:22:21.351,(earthquake OR flood),落石如籃球大 雲林草嶺149乙線建明隧道拚4月底前完工 生活,https://news.ltn.com.tw/news/life/breakingnews/5326236,Chinese,20260129T074500Z,0.0,0.0,0.0,1.0,0.0,0.0,"['落石如籃球大 雲林草嶺', '乙線建明隧道拚', '落石如籃球大', '雲林草嶺', '月底前完工']","1494, , ","['1494', '', '', '', '', '', '', '', '', '']",,,,,
6987cb60d6f9797808ba9ae7,gdelt,global_news,2026-02-07 23:31:44.507,(earthquake OR flood),台東卑南規模6 1地震 地震保險基金呼籲投保地震險 產經,https://www.cna.com.tw:443/news/afe/202512240299.aspx,Chinese,20251224T113000Z,0.0,0.0,0.0,1.0,0.0,0.0,"['台東卑南規模', '地震保險基金呼籲投保地震險']",", , ","['', '', '', '', '', '', '', '', '', '']",,,,,
6987cb60d6f9797808ba9ae8,gdelt,global_news,2026-02-07 23:31:44.509,(earthquake OR flood),戴立忍新片 「 功夫 」 圓武俠夢 體力比柯震東好 娛樂,https://www.cna.com.tw:443/news/amov/202512160227.aspx,Chinese,20251216T091500Z,0.0,0.0,0.0,1.0,0.0,0.0,"['戴立忍新片', '圓武俠夢 體力比柯震東好', '圓武俠夢', '體力比柯震東好']",", , ","['', '', '', '', '', '', '', '', '', '']",,,,,
6987cb60d6f9797808ba9ae9,gdelt,global_news,2026-02-07 23:31:44.509,(earthquake OR flood),新竹市民 ： 7 0強震搖晃感跟 921 太像了 消防局籲備妥 「 避難包 」 生活,https://news.ltn.com.tw/news/life/breakingnews/5291751,Chinese,20251227T170000Z,0.0,0.0,0.0,1.0,0.0,0.0,"['太像了 消防局籲備妥', '新竹市民', '強震搖晃感跟', '避難包', '太像了']","921, , ","['921', '', '', '', '', '', '', '', '', '']",,,,,
6987cb60d6f9797808ba9aea,gdelt,global_news,2026-02-07 23:31:44.510,(earthquake OR flood),afmer kuruldu bilimsel afet yönetimi 10 şubatta başlıyor kıbrıs gazetesi kıbrıs haber kktc son dakika gündem haberleri,https://kibrisgazetesi.com/afmer-kuruldu-bilimsel-afet-yonetimi-10-subatta-basliyor/,Turkish,20260123T181500Z,0.0,0.0,0.0,1.0,0.0,0.0,"['afmer kuruldu bilimsel', 'bilimsel afet yönetimi', 'dakika gündem haberleri', 'şubatta başlıyor kıbrıs', 'kuruldu bilimsel afet']","kbrs, afet, afmer","['kbrs', 'afet', 'afmer', 'ubatta', 'son', 'kuruldu', 'kktc', 'haberleri', 'haber', 'gndem']",,,,,
6987cb60d6f9797808ba9aeb,gdelt,global_news,2026-02-07 23:31:44.511,(earthquake OR flood),落石如籃球大 雲林草嶺149乙線建明隧道拚4月底前完工 生活,https://news.ltn.com.tw/news/life/breakingnews/5326236,Chinese,20260129T074500Z,0.0,0.0,0.0,1.0,0.0,0.0,"['落石如籃球大 雲林草嶺', '乙線建明隧道拚', '落石如籃球大', '雲林草嶺', '月底前完工']","1494, , ","['1494', '', '', '', '', '', '', '', '', '']",,,,,
6987d9b6d6f9797808ba9c57,gdelt,global_news,2026-02-08 00:32:54.237,(earthquake OR flood),台東卑南規模6 1地震 地震保險基金呼籲投保地震險 產經,https://www.cna.com.tw:443/news/afe/202512240299.aspx,Chinese,20251224T113000Z,0.0,0.0,0.0,1.0,0.0,0.0,"['台東卑南規模', '地震保險基金呼籲投保地震險']",", , ","['', '', '', '', '', '', '', '', '', '']",,,,,
6987d9b6d6f9797808ba9c58,gdelt,global_news,2026-02-08 00:32:54.239,(earthquake OR flood),戴立忍新片 「 功夫 」 圓武俠夢 體力比柯震東好 娛樂,https://www.cna.com.tw:443/news/amov/202512160227.aspx,Chinese,20251216T091500Z,0.0,0.0,0.0,1.0,0.0,0.0,"['戴立忍新片', '圓武俠夢 體力比柯震東好', '圓武俠夢', '體力比柯震東好']",", , ","['', '', '', '', '', '', '', '', '', '']",,,,,
6987d9b6d6f9797808ba9c59,gdelt,global_news,2026-02-08 00:32:54.239,(earthquake OR flood),新竹市民 ： 7 0強震搖晃感跟 921 太像了 消防局籲備妥 「 避難包 」 生活,https://news.ltn.com.tw/news/life/breakingnews/5291751,Chinese,20251227T170000Z,0.0,0.0,0.0,1.0,0.0,0.0,"['太像了 消防局籲備妥', '新竹市民', '強震搖晃感跟', '避難包', '太像了']","921, , ","['921', '', '', '', '', '', '', '', '', '']",,,,,
6987d9b6d6f9797808ba9c5a,gdelt,global_news,2026-02-08 00:32:54.240,(earthquake OR flood),afmer kuruldu bilimsel afet yönetimi 10 şubatta başlıyor kıbrıs gazetesi kıbrıs haber kktc son dakika gündem haberleri,https://kibrisgazetesi.com/afmer-kuruldu-bilimsel-afet-yonetimi-10-subatta-basliyor/,Turkish,20260123T181500Z,0.0,0.0,0.0,1.0,0.0,0.0,"['afmer kuruldu bilimsel', 'bilimsel afet yönetimi', 'dakika gündem haberleri', 'şubatta başlıyor kıbrıs', 'kuruldu bilimsel afet']","kbrs, afet, afmer","['kbrs', 'afet', 'afmer', 'ubatta', 'son', 'kuruldu', 'kktc', 'haberleri', 'haber', 'gndem']",,,,,
6987d9b6d6f9797808ba9c5b,gdelt,global_news,2026-02-08 00:32:54.240,(earthquake OR flood),落石如籃球大 雲林草嶺149乙線建明隧道拚4月底前完工 生活,https://news.ltn.com.tw/news/life/breakingnews/5326236,Chinese,20260129T074500Z,0.0,0.0,0.0,1.0,0.0,0.0,"['落石如籃球大 雲林草嶺', '乙線建明隧道拚', '落石如籃球大', '雲林草嶺', '月底前完工']","1494, , ","['1494', '', '', '', '', '', '', '', '', '']",,,,,
69881bfcac3ba81db90bb0a2,gdelt,global_news,2026-02-08 05:15:40.232,(earthquake OR flood),utara maghribi dilanda dua gempa bumi lemah ketika berdepan bencana banjir,https://www.astroawani.com/berita-dunia/utara-maghribi-dilanda-dua-gempa-bumi-lemah-ketika-berdepan-bencana-banjir-558720,Malay,20260208T041500Z,0.0,0.0,0.0,1.0,0.0,0.0,"['utara maghribi dilanda', 'berdepan bencana banjir', 'maghribi dilanda dua', 'dilanda dua gempa', 'dua gempa bumi']","utara, maghribi, lemah","['utara', 'maghribi', 'lemah', 'ketika', 'gempa', 'dua', 'dilanda', 'bumi', 'berdepan', 'bencana']",,,,,
69881bfcac3ba81db90bb0a3,gdelt,global_news,2026-02-08 05:15:40.233,(earthquake OR flood),台東卑南規模6 1地震 地震保險基金呼籲投保地震險 產經,https://www.cna.com.tw:443/news/afe/202512240299.aspx,Chinese,20251224T113000Z,0.0,0.0,0.0,1.0,0.0,0.0,"['台東卑南規模', '地震保險基金呼籲投保地震險']",", , ","['', '', '', '', '', '', '', '', '', '']",,,,,
69881bfcac3ba81db90bb0a4,gdelt,global_news,2026-02-08 05:15:40.234,(earthquake OR flood),戴立忍新片 「 功夫 」 圓武俠夢 體力比柯震東好 娛樂,https://www.cna.com.tw:443/news/amov/202512160227.aspx,Chinese,20251216T091500Z,0.0,0.0,0.0,1.0,0.0,0.0,"['戴立忍新片', '圓武俠夢 體力比柯震東好', '圓武俠夢', '體力比柯震東好']",", , ","['', '', '', '', '', '', '', '', '', '']",,,,,
69881bfcac3ba81db90bb0a5,gdelt,global_news,2026-02-08 05:15:40.235,(earthquake OR flood),新竹市民 ： 7 0強震搖晃感跟 921 太像了 消防局籲備妥 「 避難包 」 生活,https://news.ltn.com.tw/news/life/breakingnews/5291751,Chinese,20251227T170000Z,0.0,0.0,0.0,1.0,0.0,0.0,"['太像了 消防局籲備妥', '新竹市民', '強震搖晃感跟', '避難包', '太像了']","921, , ","['921', '', '', '', '', '', '', '', '', '']",,,,,
69881bfcac3ba81db90bb0a6,gdelt,global_news,2026-02-08 05:15:40.235,(earthquake OR flood),afmer kuruldu bilimsel afet yönetimi 10 şubatta başlıyor kıbrıs gazetesi kıbrıs haber kktc son dakika gündem haberleri,https://kibrisgazetesi.com/afmer-kuruldu-bilimsel-afet-yonetimi-10-subatta-basliyor/,Turkish,20260123T181500Z,0.0,0.0,0.0,1.0,0.0,0.0,"['afmer kuruldu bilimsel', 'bilimsel afet yönetimi', 'dakika gündem haberleri', 'şubatta başlıyor kıbrıs', 'kuruldu bilimsel afet']","kbrs, afet, afmer","['kbrs', 'afet', 'afmer', 'ubatta', 'son', 'kuruldu', 'kktc', 'haberleri', 'haber', 'gndem']",,,,,
69881f9af594ab54e7475a90,gdelt,global_news,2026-02-08 05:31:06.373,(earthquake OR flood),utara maghribi dilanda dua gempa bumi lemah ketika berdepan bencana banjir,https://www.astroawani.com/berita-dunia/utara-maghribi-dilanda-dua-gempa-bumi-lemah-ketika-berdepan-bencana-banjir-558720,Malay,20260208T041500Z,0.0,0.0,0.0,1.0,0.0,0.0,"['utara maghribi dilanda', 'berdepan bencana banjir', 'maghribi dilanda dua', 'dilanda dua gempa', 'dua gempa bumi']","utara, maghribi, lemah","['utara', 'maghribi', 'lemah', 'ketika', 'gempa', 'dua', 'dilanda', 'bumi', 'berdepan', 'bencana']",,,,,
69881f9af594ab54e7475a91,gdelt,global_news,2026-02-08 05:31:06.374,(earthquake OR flood),台東卑南規模6 1地震 地震保險基金呼籲投保地震險 產經,https://www.cna.com.tw:443/news/afe/202512240299.aspx,Chinese,20251224T113000Z,0.0,0.0,0.0,1.0,0.0,0.0,"['台東卑南規模', '地震保險基金呼籲投保地震險']",", , ","['', '', '', '', '', '', '', '', '', '']",,,,,
69881f9af594ab54e7475a92,gdelt,global_news,2026-02-08 05:31:06.375,(earthquake OR flood),戴立忍新片 「 功夫 」 圓武俠夢 體力比柯震東好 娛樂,https://www.cna.com.tw:443/news/amov/202512160227.aspx,Chinese,20251216T091500Z,0.0,0.0,0.0,1.0,0.0,0.0,"['戴立忍新片', '圓武俠夢 體力比柯震東好', '圓武俠夢', '體力比柯震東好']",", , ","['', '', '', '', '', '', '', '', '', '']",,,,,
69881f9af594ab54e7475a93,gdelt,global_news,2026-02-08 05:31:06.376,(earthquake OR flood),新竹市民 ： 7 0強震搖晃感跟 921 太像了 消防局籲備妥 「 避難包 」 生活,https://news.ltn.com.tw/news/life/breakingnews/5291751,Chinese,20251227T170000Z,0.0,0.0,0.0,1.0,0.0,0.0,"['太像了 消防局籲備妥', '新竹市民', '強震搖晃感跟', '避難包', '太像了']","921, , ","['921', '', '', '', '', '', '', '', '', '']",,,,,
69881f9af594ab54e7475a94,gdelt,global_news,2026-02-08 05:31:06.376,(earthquake OR flood),afmer kuruldu bilimsel afet yönetimi 10 şubatta başlıyor kıbrıs gazetesi kıbrıs haber kktc son dakika gündem haberleri,https://kibrisgazetesi.com/afmer-kuruldu-bilimsel-afet-yonetimi-10-subatta-basliyor/,Turkish,20260123T181500Z,0.0,0.0,0.0,1.0,0.0,0.0,"['afmer kuruldu bilimsel', 'bilimsel afet yönetimi', 'dakika gündem haberleri', 'şubatta başlıyor kıbrıs', 'kuruldu bilimsel afet']","kbrs, afet, afmer","['kbrs', 'afet', 'afmer', 'ubatta', 'son', 'kuruldu', 'kktc', 'haberleri', 'haber', 'gndem']",,,,,
698821ff66a6a90f20729173,gdelt,global_news,2026-02-08 05:41:19.219,(earthquake OR flood),utara maghribi dilanda dua gempa bumi lemah ketika berdepan bencana banjir,https://www.astroawani.com/berita-dunia/utara-maghribi-dilanda-dua-gempa-bumi-lemah-ketika-berdepan-bencana-banjir-558720,Malay,20260208T041500Z,0.0,0.0,0.0,1.0,0.0,0.0,"['utara maghribi dilanda', 'berdepan bencana banjir', 'maghribi dilanda dua', 'dilanda dua gempa', 'dua gempa bumi']","utara, maghribi, lemah","['utara', 'maghribi', 'lemah', 'ketika', 'gempa', 'dua', 'dilanda', 'bumi', 'berdepan', 'bencana']",,,,,
698821ff66a6a90f20729174,gdelt,global_news,2026-02-08 05:41:19.222,(earthquake OR flood),台東卑南規模6 1地震 地震保險基金呼籲投保地震險 產經,https://www.cna.com.tw:443/news/afe/202512240299.aspx,Chinese,20251224T113000Z,0.0,0.0,0.0,1.0,0.0,0.0,"['台東卑南規模', '地震保險基金呼籲投保地震險']",", , ","['', '', '', '', '', '', '', '', '', '']",,,,,
698821ff66a6a90f20729175,gdelt,global_news,2026-02-08 05:41:19.224,(earthquake OR flood),戴立忍新片 「 功夫 」 圓武俠夢 體力比柯震東好 娛樂,https://www.cna.com.tw:443/news/amov/202512160227.aspx,Chinese,20251216T091500Z,0.0,0.0,0.0,1.0,0.0,0.0,"['戴立忍新片', '圓武俠夢 體力比柯震東好', '圓武俠夢', '體力比柯震東好']",", , ","['', '', '', '', '', '', '', '', '', '']",,,,,
698821ff66a6a90f20729176,gdelt,global_news,2026-02-08 05:41:19.225,(earthquake OR flood),新竹市民 ： 7 0強震搖晃感跟 921 太像了 消防局籲備妥 「 避難包 」 生活,https://news.ltn.com.tw/news/life/breakingnews/5291751,Chinese,20251227T170000Z,0.0,0.0,0.0,1.0,0.0,0.0,"['太像了 消防局籲備妥', '新竹市民', '強震搖晃感跟', '避難包', '太像了']","921, , ","['921', '', '', '', '', '', '', '', '', '']",,,,,
698821ff66a6a90f20729177,gdelt,global_news,2026-02-08 05:41:19.228,(earthquake OR flood),afmer kuruldu bilimsel afet yönetimi 10 şubatta başlıyor kıbrıs gazetesi kıbrıs haber kktc son dakika gündem haberleri,https://kibrisgazetesi.com/afmer-kuruldu-bilimsel-afet-yonetimi-10-subatta-basliyor/,Turkish,20260123T181500Z,0.0,0.0,0.0,1.0,0.0,0.0,"['afmer kuruldu bilimsel', 'bilimsel afet yönetimi', 'dakika gündem haberleri', 'şubatta başlıyor kıbrıs', 'kuruldu bilimsel afet']","kbrs, afet, afmer","['kbrs', 'afet', 'afmer', 'ubatta', 'son', 'kuruldu', 'kktc', 'haberleri', 'haber', 'gndem']",,,,,
6988235ca483768189da7f61,gdelt,global_news,2026-02-08 05:47:08.942,(earthquake OR flood),utara maghribi dilanda dua gempa bumi lemah ketika berdepan bencana banjir,https://www.astroawani.com/berita-dunia/utara-maghribi-dilanda-dua-gempa-bumi-lemah-ketika-berdepan-bencana-banjir-558720,Malay,20260208T041500Z,0.0,0.0,0.0,1.0,0.0,0.0,"['utara maghribi dilanda', 'berdepan bencana banjir', 'maghribi dilanda dua', 'dilanda dua gempa', 'dua gempa bumi']","utara, maghribi, lemah","['utara', 'maghribi', 'lemah', 'ketika', 'gempa', 'dua', 'dilanda', 'bumi', 'berdepan', 'bencana']",,,,,
6988235ca483768189da7f62,gdelt,global_news,2026-02-08 05:47:08.944,(earthquake OR flood),台東卑南規模6 1地震 地震保險基金呼籲投保地震險 產經,https://www.cna.com.tw:443/news/afe/202512240299.aspx,Chinese,20251224T113000Z,0.0,0.0,0.0,1.0,0.0,0.0,"['台東卑南規模', '地震保險基金呼籲投保地震險']",", , ","['', '', '', '', '', '', '', '', '', '']",,,,,
6988235ca483768189da7f63,gdelt,global_news,2026-02-08 05:47:08.946,(earthquake OR flood),戴立忍新片 「 功夫 」 圓武俠夢 體力比柯震東好 娛樂,https://www.cna.com.tw:443/news/amov/202512160227.aspx,Chinese,20251216T091500Z,0.0,0.0,0.0,1.0,0.0,0.0,"['戴立忍新片', '圓武俠夢 體力比柯震東好', '圓武俠夢', '體力比柯震東好']",", , ","['', '', '', '', '', '', '', '', '', '']",,,,,
6988235ca483768189da7f64,gdelt,global_news,2026-02-08 05:47:08.947,(earthquake OR flood),新竹市民 ： 7 0強震搖晃感跟 921 太像了 消防局籲備妥 「 避難包 」 生活,https://news.ltn.com.tw/news/life/breakingnews/5291751,Chinese,20251227T170000Z,0.0,0.0,0.0,1.0,0.0,0.0,"['太像了 消防局籲備妥', '新竹市民', '強震搖晃感跟', '避難包', '太像了']","921, , ","['921', '', '', '', '', '', '', '', '', '']",,,,,
6988235ca483768189da7f65,gdelt,global_news,2026-02-08 05:47:08.948,(earthquake OR flood),afmer kuruldu bilimsel afet yönetimi 10 şubatta başlıyor kıbrıs gazetesi kıbrıs haber kktc son dakika gündem haberleri,https://kibrisgazetesi.com/afmer-kuruldu-bilimsel-afet-yonetimi-10-subatta-basliyor/,Turkish,20260123T181500Z,0.0,0.0,0.0,1.0,0.0,0.0,"['afmer kuruldu bilimsel', 'bilimsel afet yönetimi', 'dakika gündem haberleri', 'şubatta başlıyor kıbrıs', 'kuruldu bilimsel afet']","kbrs, afet, afmer","['kbrs', 'afet', 'afmer', 'ubatta', 'son', 'kuruldu', 'kktc', 'haberleri', 'haber', 'gndem']",,,,,
69882a3e4d35f7e07d604a00,gdelt,global_news,2026-02-08 06:16:30.498,(earthquake OR flood),utara maghribi dilanda dua gempa bumi lemah ketika berdepan bencana banjir,https://www.astroawani.com/berita-dunia/utara-maghribi-dilanda-dua-gempa-bumi-lemah-ketika-berdepan-bencana-banjir-558720,Malay,20260208T041500Z,0.0,0.0,0.0,1.0,0.0,0.0,"['utara maghribi dilanda', 'berdepan bencana banjir', 'maghribi dilanda dua', 'dilanda dua gempa', 'dua gempa bumi']","utara, maghribi, lemah","['utara', 'maghribi', 'lemah', 'ketika', 'gempa', 'dua', 'dilanda', 'bumi', 'berdepan', 'bencana']",,,,,
69882a3e4d35f7e07d604a01,gdelt,global_news,2026-02-08 06:16:30.500,(earthquake OR flood),台東卑南規模6 1地震 地震保險基金呼籲投保地震險 產經,https://www.cna.com.tw:443/news/afe/202512240299.aspx,Chinese,20251224T113000Z,0.0,0.0,0.0,1.0,0.0,0.0,"['台東卑南規模', '地震保險基金呼籲投保地震險']",", , ","['', '', '', '', '', '', '', '', '', '']",,,,,
69882a3e4d35f7e07d604a02,gdelt,global_news,2026-02-08 06:16:30.502,(earthquake OR flood),戴立忍新片 「 功夫 」 圓武俠夢 體力比柯震東好 娛樂,https://www.cna.com.tw:443/news/amov/202512160227.aspx,Chinese,20251216T091500Z,0.0,0.0,0.0,1.0,0.0,0.0,"['戴立忍新片', '圓武俠夢 體力比柯震東好', '圓武俠夢', '體力比柯震東好']",", , ","['', '', '', '', '', '', '', '', '', '']",,,,,
69882a3e4d35f7e07d604a03,gdelt,global_news,2026-02-08 06:16:30.503,(earthquake OR flood),新竹市民 ： 7 0強震搖晃感跟 921 太像了 消防局籲備妥 「 避難包 」 生活,https://news.ltn.com.tw/news/life/breakingnews/5291751,Chinese,20251227T170000Z,0.0,0.0,0.0,1.0,0.0,0.0,"['太像了 消防局籲備妥', '新竹市民', '強震搖晃感跟', '避難包', '太像了']","921, , ","['921', '', '', '', '', '', '', '', '', '']",,,,,
69882a3e4d35f7e07d604a04,gdelt,global_news,2026-02-08 06:16:30.503,(earthquake OR flood),afmer kuruldu bilimsel afet yönetimi 10 şubatta başlıyor kıbrıs gazetesi kıbrıs haber kktc son dakika gündem haberleri,https://kibrisgazetesi.com/afmer-kuruldu-bilimsel-afet-yonetimi-10-subatta-basliyor/,Turkish,20260123T181500Z,0.0,0.0,0.0,1.0,0.0,0.0,"['afmer kuruldu bilimsel', 'bilimsel afet yönetimi', 'dakika gündem haberleri', 'şubatta başlıyor kıbrıs', 'kuruldu bilimsel afet']","kbrs, afet, afmer","['kbrs', 'afet', 'afmer', 'ubatta', 'son', 'kuruldu', 'kktc', 'haberleri', 'haber', 'gndem']",,,,,
69882aebac3ba81db90bb216,gdelt,global_news,2026-02-08 06:19:23.834,(earthquake OR flood),utara maghribi dilanda dua gempa bumi lemah ketika berdepan bencana banjir,https://www.astroawani.com/berita-dunia/utara-maghribi-dilanda-dua-gempa-bumi-lemah-ketika-berdepan-bencana-banjir-558720,Malay,20260208T041500Z,0.0,0.0,0.0,1.0,0.0,0.0,"['utara maghribi dilanda', 'berdepan bencana banjir', 'maghribi dilanda dua', 'dilanda dua gempa', 'dua gempa bumi']","utara, maghribi, lemah","['utara', 'maghribi', 'lemah', 'ketika', 'gempa', 'dua', 'dilanda', 'bumi', 'berdepan', 'bencana']",,,,,
69882aebac3ba81db90bb217,gdelt,global_news,2026-02-08 06:19:23.836,(earthquake OR flood),台東卑南規模6 1地震 地震保險基金呼籲投保地震險 產經,https://www.cna.com.tw:443/news/afe/202512240299.aspx,Chinese,20251224T113000Z,0.0,0.0,0.0,1.0,0.0,0.0,"['台東卑南規模', '地震保險基金呼籲投保地震險']",", , ","['', '', '', '', '', '', '', '', '', '']",,,,,
69882aebac3ba81db90bb218,gdelt,global_news,2026-02-08 06:19:23.837,(earthquake OR flood),戴立忍新片 「 功夫 」 圓武俠夢 體力比柯震東好 娛樂,https://www.cna.com.tw:443/news/amov/202512160227.aspx,Chinese,20251216T091500Z,0.0,0.0,0.0,1.0,0.0,0.0,"['戴立忍新片', '圓武俠夢 體力比柯震東好', '圓武俠夢', '體力比柯震東好']",", , ","['', '', '', '', '', '', '', '', '', '']",,,,,
69882aebac3ba81db90bb219,gdelt,global_news,2026-02-08 06:19:23.838,(earthquake OR flood),新竹市民 ： 7 0強震搖晃感跟 921 太像了 消防局籲備妥 「 避難包 」 生活,https://news.ltn.com.tw/news/life/breakingnews/5291751,Chinese,20251227T170000Z,0.0,0.0,0.0,1.0,0.0,0.0,"['太像了 消防局籲備妥', '新竹市民', '強震搖晃感跟', '避難包', '太像了']","921, , ","['921', '', '', '', '', '', '', '', '', '']",,,,,
69882aebac3ba81db90bb21a,gdelt,global_news,2026-02-08 06:19:23.838,(earthquake OR flood),afmer kuruldu bilimsel afet yönetimi 10 şubatta başlıyor kıbrıs gazetesi kıbrıs haber kktc son dakika gündem haberleri,https://kibrisgazetesi.com/afmer-kuruldu-bilimsel-afet-yonetimi-10-subatta-basliyor/,Turkish,20260123T181500Z,0.0,0.0,0.0,1.0,0.0,0.0,"['afmer kuruldu bilimsel', 'bilimsel afet yönetimi', 'dakika gündem haberleri', 'şubatta başlıyor kıbrıs', 'kuruldu bilimsel afet']","kbrs, afet, afmer","['kbrs', 'afet', 'afmer', 'ubatta', 'son', 'kuruldu', 'kktc', 'haberleri', 'haber', 'gndem']",,,,,
698841713f98eda61f36a95b,gdelt,global_news,2026-02-08 07:55:29.518,(earthquake OR flood),utara maghribi dilanda dua gempa bumi lemah ketika berdepan bencana banjir,https://www.astroawani.com/berita-dunia/utara-maghribi-dilanda-dua-gempa-bumi-lemah-ketika-berdepan-bencana-banjir-558720,Malay,20260208T041500Z,0.0,0.0,0.0,1.0,0.0,0.0,"['utara maghribi dilanda', 'berdepan bencana banjir', 'maghribi dilanda dua', 'dilanda dua gempa', 'dua gempa bumi']","utara, maghribi, lemah","['utara', 'maghribi', 'lemah', 'ketika', 'gempa', 'dua', 'dilanda', 'bumi', 'berdepan', 'bencana']",,,,,
698841713f98eda61f36a95c,gdelt,global_news,2026-02-08 07:55:29.520,(earthquake OR flood),台東卑南規模6 1地震 地震保險基金呼籲投保地震險 產經,https://www.cna.com.tw:443/news/afe/202512240299.aspx,Chinese,20251224T113000Z,0.0,0.0,0.0,1.0,0.0,0.0,"['台東卑南規模', '地震保險基金呼籲投保地震險']",", , ","['', '', '', '', '', '', '', '', '', '']",,,,,
698841713f98eda61f36a95d,gdelt,global_news,2026-02-08 07:55:29.522,(earthquake OR flood),戴立忍新片 「 功夫 」 圓武俠夢 體力比柯震東好 娛樂,https://www.cna.com.tw:443/news/amov/202512160227.aspx,Chinese,20251216T091500Z,0.0,0.0,0.0,1.0,0.0,0.0,"['戴立忍新片', '圓武俠夢 體力比柯震東好', '圓武俠夢', '體力比柯震東好']",", , ","['', '', '', '', '', '', '', '', '', '']",,,,,
698841713f98eda61f36a95e,gdelt,global_news,2026-02-08 07:55:29.523,(earthquake OR flood),新竹市民 ： 7 0強震搖晃感跟 921 太像了 消防局籲備妥 「 避難包 」 生活,https://news.ltn.com.tw/news/life/breakingnews/5291751,Chinese,20251227T170000Z,0.0,0.0,0.0,1.0,0.0,0.0,"['太像了 消防局籲備妥', '新竹市民', '強震搖晃感跟', '避難包', '太像了']","921, , ","['921', '', '', '', '', '', '', '', '', '']",,,,,
698841713f98eda61f36a95f,gdelt,global_news,2026-02-08 07:55:29.524,(earthquake OR flood),afmer kuruldu bilimsel afet yönetimi 10 şubatta başlıyor kıbrıs gazetesi kıbrıs haber kktc son dakika gündem haberleri,https://kibrisgazetesi.com/afmer-kuruldu-bilimsel-afet-yonetimi-10-subatta-basliyor/,Turkish,20260123T181500Z,0.0,0.0,0.0,1.0,0.0,0.0,"['afmer kuruldu bilimsel', 'bilimsel afet yönetimi', 'dakika gündem haberleri', 'şubatta başlıyor kıbrıs', 'kuruldu bilimsel afet']","kbrs, afet, afmer","['kbrs', 'afet', 'afmer', 'ubatta', 'son', 'kuruldu', 'kktc', 'haberleri', 'haber', 'gndem']",,,,,
698842656396656e646ba9a1,gdelt,global_news,2026-02-08 07:59:33.933,(earthquake OR flood),utara maghribi dilanda dua gempa bumi lemah ketika berdepan bencana banjir,https://www.astroawani.com/berita-dunia/utara-maghribi-dilanda-dua-gempa-bumi-lemah-ketika-berdepan-bencana-banjir-558720,Malay,20260208T041500Z,0.0,0.0,0.0,1.0,0.0,0.0,"['utara maghribi dilanda', 'berdepan bencana banjir', 'maghribi dilanda dua', 'dilanda dua gempa', 'dua gempa bumi']","utara, maghribi, lemah","['utara', 'maghribi', 'lemah', 'ketika', 'gempa', 'dua', 'dilanda', 'bumi', 'berdepan', 'bencana']",,,,,
698842656396656e646ba9a2,gdelt,global_news,2026-02-08 07:59:33.938,(earthquake OR flood),台東卑南規模6 1地震 地震保險基金呼籲投保地震險 產經,https://www.cna.com.tw:443/news/afe/202512240299.aspx,Chinese,20251224T113000Z,0.0,0.0,0.0,1.0,0.0,0.0,"['台東卑南規模', '地震保險基金呼籲投保地震險']",", , ","['', '', '', '', '', '', '', '', '', '']",,,,,
698842656396656e646ba9a4,gdelt,global_news,2026-02-08 07:59:33.939,(earthquake OR flood),戴立忍新片 「 功夫 」 圓武俠夢 體力比柯震東好 娛樂,https://www.cna.com.tw:443/news/amov/202512160227.aspx,Chinese,20251216T091500Z,0.0,0.0,0.0,1.0,0.0,0.0,"['戴立忍新片', '圓武俠夢 體力比柯震東好', '圓武俠夢', '體力比柯震東好']",", , ","['', '', '', '', '', '', '', '', '', '']",,,,,
698842656396656e646ba9a6,gdelt,global_news,2026-02-08 07:59:33.946,(earthquake OR flood),新竹市民 ： 7 0強震搖晃感跟 921 太像了 消防局籲備妥 「 避難包 」 生活,https://news.ltn.com.tw/news/life/breakingnews/5291751,Chinese,20251227T170000Z,0.0,0.0,0.0,1.0,0.0,0.0,"['太像了 消防局籲備妥', '新竹市民', '強震搖晃感跟', '避難包', '太像了']","921, , ","['921', '', '', '', '', '', '', '', '', '']",,,,,
698842656396656e646ba9a8,gdelt,global_news,2026-02-08 07:59:33.947,(earthquake OR flood),afmer kuruldu bilimsel afet yönetimi 10 şubatta başlıyor kıbrıs gazetesi kıbrıs haber kktc son dakika gündem haberleri,https://kibrisgazetesi.com/afmer-kuruldu-bilimsel-afet-yonetimi-10-subatta-basliyor/,Turkish,20260123T181500Z,0.0,0.0,0.0,1.0,0.0,0.0,"['afmer kuruldu bilimsel', 'bilimsel afet yönetimi', 'dakika gündem haberleri', 'şubatta başlıyor kıbrıs', 'kuruldu bilimsel afet']","kbrs, afet, afmer","['kbrs', 'afet', 'afmer', 'ubatta', 'son', 'kuruldu', 'kktc', 'haberleri', 'haber', 'gndem']",,,,,
698843ee4886efa075760913,gdelt,global_news,2026-02-08 08:06:06.302,(earthquake OR flood),utara maghribi dilanda dua gempa bumi lemah ketika berdepan bencana banjir,https://www.astroawani.com/berita-dunia/utara-maghribi-dilanda-dua-gempa-bumi-lemah-ketika-berdepan-bencana-banjir-558720,Malay,20260208T041500Z,0.0,0.0,0.0,1.0,0.0,0.0,"['utara maghribi dilanda', 'berdepan bencana banjir', 'maghribi dilanda dua', 'dilanda dua gempa', 'dua gempa bumi']","utara, maghribi, lemah","['utara', 'maghribi', 'lemah', 'ketika', 'gempa', 'dua', 'dilanda', 'bumi', 'berdepan', 'bencana']",,,,,
698843ee4886efa075760914,gdelt,global_news,2026-02-08 08:06:06.303,(earthquake OR flood),台東卑南規模6 1地震 地震保險基金呼籲投保地震險 產經,https://www.cna.com.tw:443/news/afe/202512240299.aspx,Chinese,20251224T113000Z,0.0,0.0,0.0,1.0,0.0,0.0,"['台東卑南規模', '地震保險基金呼籲投保地震險']",", , ","['', '', '', '', '', '', '', '', '', '']",,,,,
698843ee4886efa075760915,gdelt,global_news,2026-02-08 08:06:06.304,(earthquake OR flood),戴立忍新片 「 功夫 」 圓武俠夢 體力比柯震東好 娛樂,https://www.cna.com.tw:443/news/amov/202512160227.aspx,Chinese,20251216T091500Z,0.0,0.0,0.0,1.0,0.0,0.0,"['戴立忍新片', '圓武俠夢 體力比柯震東好', '圓武俠夢', '體力比柯震東好']",", , ","['', '', '', '', '', '', '', '', '', '']",,,,,
698843ee4886efa075760916,gdelt,global_news,2026-02-08 08:06:06.306,(earthquake OR flood),新竹市民 ： 7 0強震搖晃感跟 921 太像了 消防局籲備妥 「 避難包 」 生活,https://news.ltn.com.tw/news/life/breakingnews/5291751,Chinese,20251227T170000Z,0.0,0.0,0.0,1.0,0.0,0.0,"['太像了 消防局籲備妥', '新竹市民', '強震搖晃感跟', '避難包', '太像了']","921, , ","['921', '', '', '', '', '', '', '', '', '']",,,,,
698843ee4886efa075760917,gdelt,global_news,2026-02-08 08:06:06.306,(earthquake OR flood),afmer kuruldu bilimsel afet yönetimi 10 şubatta başlıyor kıbrıs gazetesi kıbrıs haber kktc son dakika gündem haberleri,https://kibrisgazetesi.com/afmer-kuruldu-bilimsel-afet-yonetimi-10-subatta-basliyor/,Turkish,20260123T181500Z,0.0,0.0,0.0,1.0,0.0,0.0,"['afmer kuruldu bilimsel', 'bilimsel afet yönetimi', 'dakika gündem haberleri', 'şubatta başlıyor kıbrıs', 'kuruldu bilimsel afet']","kbrs, afet, afmer","['kbrs', 'afet', 'afmer', 'ubatta', 'son', 'kuruldu', 'kktc', 'haberleri', 'haber', 'gndem']",,,,,
6988454f5708599d7847ded2,gdelt,global_news,2026-02-08 08:11:59.322,(earthquake OR flood),utara maghribi dilanda dua gempa bumi lemah ketika berdepan bencana banjir,https://www.astroawani.com/berita-dunia/utara-maghribi-dilanda-dua-gempa-bumi-lemah-ketika-berdepan-bencana-banjir-558720,Malay,20260208T041500Z,0.0,0.0,0.0,1.0,0.0,0.0,"['utara maghribi dilanda', 'berdepan bencana banjir', 'maghribi dilanda dua', 'dilanda dua gempa', 'dua gempa bumi']","utara, maghribi, lemah","['utara', 'maghribi', 'lemah', 'ketika', 'gempa', 'dua', 'dilanda', 'bumi', 'berdepan', 'bencana']",,,,,
6988454f5708599d7847ded3,gdelt,global_news,2026-02-08 08:11:59.324,(earthquake OR flood),台東卑南規模6 1地震 地震保險基金呼籲投保地震險 產經,https://www.cna.com.tw:443/news/afe/202512240299.aspx,Chinese,20251224T113000Z,0.0,0.0,0.0,1.0,0.0,0.0,"['台東卑南規模', '地震保險基金呼籲投保地震險']",", , ","['', '', '', '', '', '', '', '', '', '']",,,,,
6988454f5708599d7847ded4,gdelt,global_news,2026-02-08 08:11:59.325,(earthquake OR flood),戴立忍新片 「 功夫 」 圓武俠夢 體力比柯震東好 娛樂,https://www.cna.com.tw:443/news/amov/202512160227.aspx,Chinese,20251216T091500Z,0.0,0.0,0.0,1.0,0.0,0.0,"['戴立忍新片', '圓武俠夢 體力比柯震東好', '圓武俠夢', '體力比柯震東好']",", , ","['', '', '', '', '', '', '', '', '', '']",,,,,
6988454f5708599d7847ded5,gdelt,global_news,2026-02-08 08:11:59.326,(earthquake OR flood),新竹市民 ： 7 0強震搖晃感跟 921 太像了 消防局籲備妥 「 避難包 」 生活,https://news.ltn.com.tw/news/life/breakingnews/5291751,Chinese,20251227T170000Z,0.0,0.0,0.0,1.0,0.0,0.0,"['太像了 消防局籲備妥', '新竹市民', '強震搖晃感跟', '避難包', '太像了']","921, , ","['921', '', '', '', '', '', '', '', '', '']",,,,,
6988454f5708599d7847ded6,gdelt,global_news,2026-02-08 08:11:59.327,(earthquake OR flood),afmer kuruldu bilimsel afet yönetimi 10 şubatta başlıyor kıbrıs gazetesi kıbrıs haber kktc son dakika gündem haberleri,https://kibrisgazetesi.com/afmer-kuruldu-bilimsel-afet-yonetimi-10-subatta-basliyor/,Turkish,20260123T181500Z,0.0,0.0,0.0,1.0,0.0,0.0,"['afmer kuruldu bilimsel', 'bilimsel afet yönetimi', 'dakika gündem haberleri', 'şubatta başlıyor kıbrıs', 'kuruldu bilimsel afet']","kbrs, afet, afmer","['kbrs', 'afet', 'afmer', 'ubatta', 'son', 'kuruldu', 'kktc', 'haberleri', 'haber', 'gndem']",,,,,
698848ecf833c19af3235694,gdelt,global_news,2026-02-08 08:27:24.238,(earthquake OR flood),utara maghribi dilanda dua gempa bumi lemah ketika berdepan bencana banjir,https://www.astroawani.com/berita-dunia/utara-maghribi-dilanda-dua-gempa-bumi-lemah-ketika-berdepan-bencana-banjir-558720,Malay,20260208T041500Z,0.0,0.0,0.0,1.0,0.0,0.0,"['utara maghribi dilanda', 'berdepan bencana banjir', 'maghribi dilanda dua', 'dilanda dua gempa', 'dua gempa bumi']","utara, maghribi, lemah","['utara', 'maghribi', 'lemah', 'ketika', 'gempa', 'dua', 'dilanda', 'bumi', 'berdepan', 'bencana']",,,,,
698848ecf833c19af3235695,gdelt,global_news,2026-02-08 08:27:24.240,(earthquake OR flood),台東卑南規模6 1地震 地震保險基金呼籲投保地震險 產經,https://www.cna.com.tw:443/news/afe/202512240299.aspx,Chinese,20251224T113000Z,0.0,0.0,0.0,1.0,0.0,0.0,"['台東卑南規模', '地震保險基金呼籲投保地震險']",", , ","['', '', '', '', '', '', '', '', '', '']",,,,,
698848ecf833c19af3235696,gdelt,global_news,2026-02-08 08:27:24.242,(earthquake OR flood),戴立忍新片 「 功夫 」 圓武俠夢 體力比柯震東好 娛樂,https://www.cna.com.tw:443/news/amov/202512160227.aspx,Chinese,20251216T091500Z,0.0,0.0,0.0,1.0,0.0,0.0,"['戴立忍新片', '圓武俠夢 體力比柯震東好', '圓武俠夢', '體力比柯震東好']",", , ","['', '', '', '', '', '', '', '', '', '']",,,,,
698848ecf833c19af3235697,gdelt,global_news,2026-02-08 08:27:24.243,(earthquake OR flood),新竹市民 ： 7 0強震搖晃感跟 921 太像了 消防局籲備妥 「 避難包 」 生活,https://news.ltn.com.tw/news/life/breakingnews/5291751,Chinese,20251227T170000Z,0.0,0.0,0.0,1.0,0.0,0.0,"['太像了 消防局籲備妥', '新竹市民', '強震搖晃感跟', '避難包', '太像了']","921, , ","['921', '', '', '', '', '', '', '', '', '']",,,,,
698848ecf833c19af3235698,gdelt,global_news,2026-02-08 08:27:24.243,(earthquake OR flood),afmer kuruldu bilimsel afet yönetimi 10 şubatta başlıyor kıbrıs gazetesi kıbrıs haber kktc son dakika gündem haberleri,https://kibrisgazetesi.com/afmer-kuruldu-bilimsel-afet-yonetimi-10-subatta-basliyor/,Turkish,20260123T181500Z,0.0,0.0,0.0,1.0,0.0,0.0,"['afmer kuruldu bilimsel', 'bilimsel afet yönetimi', 'dakika gündem haberleri', 'şubatta başlıyor kıbrıs', 'kuruldu bilimsel afet']","kbrs, afet, afmer","['kbrs', 'afet', 'afmer', 'ubatta', 'son', 'kuruldu', 'kktc', 'haberleri', 'haber', 'gndem']",,,,,
69885d7c33f15a5559beb181,gdelt,global_news,2026-02-08 09:55:08.400,(earthquake OR flood),utara maghribi dilanda dua gempa bumi lemah ketika berdepan bencana banjir,https://www.astroawani.com/berita-dunia/utara-maghribi-dilanda-dua-gempa-bumi-lemah-ketika-berdepan-bencana-banjir-558720,Malay,20260208T041500Z,0.0,0.0,0.0,1.0,0.0,0.0,"['utara maghribi dilanda', 'berdepan bencana banjir', 'maghribi dilanda dua', 'dilanda dua gempa', 'dua gempa bumi']","utara, maghribi, lemah","['utara', 'maghribi', 'lemah', 'ketika', 'gempa', 'dua', 'dilanda', 'bumi', 'berdepan', 'bencana']",,,,,
69885d7c33f15a5559beb182,gdelt,global_news,2026-02-08 09:55:08.402,(earthquake OR flood),台東卑南規模6 1地震 地震保險基金呼籲投保地震險 產經,https://www.cna.com.tw:443/news/afe/202512240299.aspx,Chinese,20251224T113000Z,0.0,0.0,0.0,1.0,0.0,0.0,"['台東卑南規模', '地震保險基金呼籲投保地震險']",", , ","['', '', '', '', '', '', '', '', '', '']",,,,,
69885d7c33f15a5559beb183,gdelt,global_news,2026-02-08 09:55:08.403,(earthquake OR flood),戴立忍新片 「 功夫 」 圓武俠夢 體力比柯震東好 娛樂,https://www.cna.com.tw:443/news/amov/202512160227.aspx,Chinese,20251216T091500Z,0.0,0.0,0.0,1.0,0.0,0.0,"['戴立忍新片', '圓武俠夢 體力比柯震東好', '圓武俠夢', '體力比柯震東好']",", , ","['', '', '', '', '', '', '', '', '', '']",,,,,
69885d7c33f15a5559beb184,gdelt,global_news,2026-02-08 09:55:08.403,(earthquake OR flood),新竹市民 ： 7 0強震搖晃感跟 921 太像了 消防局籲備妥 「 避難包 」 生活,https://news.ltn.com.tw/news/life/breakingnews/5291751,Chinese,20251227T170000Z,0.0,0.0,0.0,1.0,0.0,0.0,"['太像了 消防局籲備妥', '新竹市民', '強震搖晃感跟', '避難包', '太像了']","921, , ","['921', '', '', '', '', '', '', '', '', '']",,,,,
69885d7c33f15a5559beb185,gdelt,global_news,2026-02-08 09:55:08.404,(earthquake OR flood),afmer kuruldu bilimsel afet yönetimi 10 şubatta başlıyor kıbrıs gazetesi kıbrıs haber kktc son dakika gündem haberleri,https://kibrisgazetesi.com/afmer-kuruldu-bilimsel-afet-yonetimi-10-subatta-basliyor/,Turkish,20260123T181500Z,0.0,0.0,0.0,1.0,0.0,0.0,"['afmer kuruldu bilimsel', 'bilimsel afet yönetimi', 'dakika gündem haberleri', 'şubatta başlıyor kıbrıs', 'kuruldu bilimsel afet']","kbrs, afet, afmer","['kbrs', 'afet', 'afmer', 'ubatta', 'son', 'kuruldu', 'kktc', 'haberleri', 'haber', 'gndem']",,,,,
6988c0c0379612aefbdf6011,gdelt,global_news,2026-02-08 16:58:40.259,(earthquake OR flood),台東卑南規模6 1地震 地震保險基金呼籲投保地震險 產經,https://www.cna.com.tw:443/news/afe/202512240299.aspx,Chinese,20251224T113000Z,0.0,0.0,0.0,1.0,0.0,0.0,"['台東卑南規模', '地震保險基金呼籲投保地震險']",", , ","['', '', '', '', '', '', '', '', '', '']",,,,,
6988c0c0379612aefbdf6012,gdelt,global_news,2026-02-08 16:58:40.269,(earthquake OR flood),utara maghribi dilanda dua gempa bumi lemah ketika berdepan bencana banjir,https://www.astroawani.com/berita-dunia/utara-maghribi-dilanda-dua-gempa-bumi-lemah-ketika-berdepan-bencana-banjir-558720,Malay,20260208T041500Z,0.0,0.0,0.0,1.0,0.0,0.0,"['utara maghribi dilanda', 'berdepan bencana banjir', 'maghribi dilanda dua', 'dilanda dua gempa', 'dua gempa bumi']","utara, maghribi, lemah","['utara', 'maghribi', 'lemah', 'ketika', 'gempa', 'dua', 'dilanda', 'bumi', 'berdepan', 'bencana']",,,,,
6988c0c0379612aefbdf6013,gdelt,global_news,2026-02-08 16:58:40.273,(earthquake OR flood),戴立忍新片 「 功夫 」 圓武俠夢 體力比柯震東好 娛樂,https://www.cna.com.tw:443/news/amov/202512160227.aspx,Chinese,20251216T091500Z,0.0,0.0,0.0,1.0,0.0,0.0,"['戴立忍新片', '圓武俠夢 體力比柯震東好', '圓武俠夢', '體力比柯震東好']",", , ","['', '', '', '', '', '', '', '', '', '']",,,,,
6988c0c0379612aefbdf6014,gdelt,global_news,2026-02-08 16:58:40.276,(earthquake OR flood),新竹市民 ： 7 0強震搖晃感跟 921 太像了 消防局籲備妥 「 避難包 」 生活,https://news.ltn.com.tw/news/life/breakingnews/5291751,Chinese,20251227T170000Z,0.0,0.0,0.0,1.0,0.0,0.0,"['太像了 消防局籲備妥', '新竹市民', '強震搖晃感跟', '避難包', '太像了']","921, , ","['921', '', '', '', '', '', '', '', '', '']",,,,,
6988c0c0379612aefbdf6015,gdelt,global_news,2026-02-08 16:58:40.278,(earthquake OR flood),afmer kuruldu bilimsel afet yönetimi 10 şubatta başlıyor kıbrıs gazetesi kıbrıs haber kktc son dakika gündem haberleri,https://kibrisgazetesi.com/afmer-kuruldu-bilimsel-afet-yonetimi-10-subatta-basliyor/,Turkish,20260123T181500Z,0.0,0.0,0.0,1.0,0.0,0.0,"['afmer kuruldu bilimsel', 'bilimsel afet yönetimi', 'dakika gündem haberleri', 'şubatta başlıyor kıbrıs', 'kuruldu bilimsel afet']","kbrs, afet, afmer","['kbrs', 'afet', 'afmer', 'ubatta', 'son', 'kuruldu', 'kktc', 'haberleri', 'haber', 'gndem']",,,,,
6988c239e1ddf54a10fb5059,gdelt,global_news,2026-02-08 17:04:57.738,(earthquake OR flood),台東卑南規模6 1地震 地震保險基金呼籲投保地震險 產經,https://www.cna.com.tw:443/news/afe/202512240299.aspx,Chinese,20251224T113000Z,0.0,0.0,0.0,1.0,0.0,0.0,"['台東卑南規模', '地震保險基金呼籲投保地震險']",", , ","['', '', '', '', '', '', '', '', '', '']",,,,,
6988c239e1ddf54a10fb505a,gdelt,global_news,2026-02-08 17:04:57.739,(earthquake OR flood),utara maghribi dilanda dua gempa bumi lemah ketika berdepan bencana banjir,https://www.astroawani.com/berita-dunia/utara-maghribi-dilanda-dua-gempa-bumi-lemah-ketika-berdepan-bencana-banjir-558720,Malay,20260208T041500Z,0.0,0.0,0.0,1.0,0.0,0.0,"['utara maghribi dilanda', 'berdepan bencana banjir', 'maghribi dilanda dua', 'dilanda dua gempa', 'dua gempa bumi']","utara, maghribi, lemah","['utara', 'maghribi', 'lemah', 'ketika', 'gempa', 'dua', 'dilanda', 'bumi', 'berdepan', 'bencana']",,,,,
6988c239e1ddf54a10fb505b,gdelt,global_news,2026-02-08 17:04:57.740,(earthquake OR flood),戴立忍新片 「 功夫 」 圓武俠夢 體力比柯震東好 娛樂,https://www.cna.com.tw:443/news/amov/202512160227.aspx,Chinese,20251216T091500Z,0.0,0.0,0.0,1.0,0.0,0.0,"['戴立忍新片', '圓武俠夢 體力比柯震東好', '圓武俠夢', '體力比柯震東好']",", , ","['', '', '', '', '', '', '', '', '', '']",,,,,
6988c239e1ddf54a10fb505c,gdelt,global_news,2026-02-08 17:04:57.740,(earthquake OR flood),新竹市民 ： 7 0強震搖晃感跟 921 太像了 消防局籲備妥 「 避難包 」 生活,https://news.ltn.com.tw/news/life/breakingnews/5291751,Chinese,20251227T170000Z,0.0,0.0,0.0,1.0,0.0,0.0,"['太像了 消防局籲備妥', '新竹市民', '強震搖晃感跟', '避難包', '太像了']","921, , ","['921', '', '', '', '', '', '', '', '', '']",,,,,
6988c239e1ddf54a10fb505d,gdelt,global_news,2026-02-08 17:04:57.741,(earthquake OR flood),afmer kuruldu bilimsel afet yönetimi 10 şubatta başlıyor kıbrıs gazetesi kıbrıs haber kktc son dakika gündem haberleri,https://kibrisgazetesi.com/afmer-kuruldu-bilimsel-afet-yonetimi-10-subatta-basliyor/,Turkish,20260123T181500Z,0.0,0.0,0.0,1.0,0.0,0.0,"['afmer kuruldu bilimsel', 'bilimsel afet yönetimi', 'dakika gündem haberleri', 'şubatta başlıyor kıbrıs', 'kuruldu bilimsel afet']","kbrs, afet, afmer","['kbrs', 'afet', 'afmer', 'ubatta', 'son', 'kuruldu', 'kktc', 'haberleri', 'haber', 'gndem']",,,,,
6988c87623dde3030b746150,gdelt,global_news,2026-02-08 17:31:34.965,(earthquake OR flood),台東卑南規模6 1地震 地震保險基金呼籲投保地震險 產經,https://www.cna.com.tw:443/news/afe/202512240299.aspx,Chinese,20251224T113000Z,0.0,0.0,0.0,1.0,0.0,0.0,"['台東卑南規模', '地震保險基金呼籲投保地震險']",", , ","['', '', '', '', '', '', '', '', '', '']",,,,,
6988c87623dde3030b746151,gdelt,global_news,2026-02-08 17:31:34.966,(earthquake OR flood),utara maghribi dilanda dua gempa bumi lemah ketika berdepan bencana banjir,https://www.astroawani.com/berita-dunia/utara-maghribi-dilanda-dua-gempa-bumi-lemah-ketika-berdepan-bencana-banjir-558720,Malay,20260208T041500Z,0.0,0.0,0.0,1.0,0.0,0.0,"['utara maghribi dilanda', 'berdepan bencana banjir', 'maghribi dilanda dua', 'dilanda dua gempa', 'dua gempa bumi']","utara, maghribi, lemah","['utara', 'maghribi', 'lemah', 'ketika', 'gempa', 'dua', 'dilanda', 'bumi', 'berdepan', 'bencana']",,,,,
6988c87623dde3030b746152,gdelt,global_news,2026-02-08 17:31:34.967,(earthquake OR flood),戴立忍新片 「 功夫 」 圓武俠夢 體力比柯震東好 娛樂,https://www.cna.com.tw:443/news/amov/202512160227.aspx,Chinese,20251216T091500Z,0.0,0.0,0.0,1.0,0.0,0.0,"['戴立忍新片', '圓武俠夢 體力比柯震東好', '圓武俠夢', '體力比柯震東好']",", , ","['', '', '', '', '', '', '', '', '', '']",,,,,
6988c87623dde3030b746153,gdelt,global_news,2026-02-08 17:31:34.968,(earthquake OR flood),新竹市民 ： 7 0強震搖晃感跟 921 太像了 消防局籲備妥 「 避難包 」 生活,https://news.ltn.com.tw/news/life/breakingnews/5291751,Chinese,20251227T170000Z,0.0,0.0,0.0,1.0,0.0,0.0,"['太像了 消防局籲備妥', '新竹市民', '強震搖晃感跟', '避難包', '太像了']","921, , ","['921', '', '', '', '', '', '', '', '', '']",,,,,
6988c87623dde3030b746154,gdelt,global_news,2026-02-08 17:31:34.969,(earthquake OR flood),afmer kuruldu bilimsel afet yönetimi 10 şubatta başlıyor kıbrıs gazetesi kıbrıs haber kktc son dakika gündem haberleri,https://kibrisgazetesi.com/afmer-kuruldu-bilimsel-afet-yonetimi-10-subatta-basliyor/,Turkish,20260123T181500Z,0.0,0.0,0.0,1.0,0.0,0.0,"['afmer kuruldu bilimsel', 'bilimsel afet yönetimi', 'dakika gündem haberleri', 'şubatta başlıyor kıbrıs', 'kuruldu bilimsel afet']","kbrs, afet, afmer","['kbrs', 'afet', 'afmer', 'ubatta', 'son', 'kuruldu', 'kktc', 'haberleri', 'haber', 'gndem']",,,,,
6988c988d5c2a5e6794fd315,gdelt,global_news,2026-02-08 17:36:08.322,(earthquake OR flood),台東卑南規模6 1地震 地震保險基金呼籲投保地震險 產經,https://www.cna.com.tw:443/news/afe/202512240299.aspx,Chinese,20251224T113000Z,0.0,0.0,0.0,1.0,0.0,0.0,"['台東卑南規模', '地震保險基金呼籲投保地震險']",", , ","['', '', '', '', '', '', '', '', '', '']",,,,,
6988c988d5c2a5e6794fd316,gdelt,global_news,2026-02-08 17:36:08.325,(earthquake OR flood),utara maghribi dilanda dua gempa bumi lemah ketika berdepan bencana banjir,https://www.astroawani.com/berita-dunia/utara-maghribi-dilanda-dua-gempa-bumi-lemah-ketika-berdepan-bencana-banjir-558720,Malay,20260208T041500Z,0.0,0.0,0.0,1.0,0.0,0.0,"['utara maghribi dilanda', 'berdepan bencana banjir', 'maghribi dilanda dua', 'dilanda dua gempa', 'dua gempa bumi']","utara, maghribi, lemah","['utara', 'maghribi', 'lemah', 'ketika', 'gempa', 'dua', 'dilanda', 'bumi', 'berdepan', 'bencana']",,,,,
6988c988d5c2a5e6794fd317,gdelt,global_news,2026-02-08 17:36:08.325,(earthquake OR flood),戴立忍新片 「 功夫 」 圓武俠夢 體力比柯震東好 娛樂,https://www.cna.com.tw:443/news/amov/202512160227.aspx,Chinese,20251216T091500Z,0.0,0.0,0.0,1.0,0.0,0.0,"['戴立忍新片', '圓武俠夢 體力比柯震東好', '圓武俠夢', '體力比柯震東好']",", , ","['', '', '', '', '', '', '', '', '', '']",,,,,
6988c988d5c2a5e6794fd318,gdelt,global_news,2026-02-08 17:36:08.326,(earthquake OR flood),新竹市民 ： 7 0強震搖晃感跟 921 太像了 消防局籲備妥 「 避難包 」 生活,https://news.ltn.com.tw/news/life/breakingnews/5291751,Chinese,20251227T170000Z,0.0,0.0,0.0,1.0,0.0,0.0,"['太像了 消防局籲備妥', '新竹市民', '強震搖晃感跟', '避難包', '太像了']","921, , ","['921', '', '', '', '', '', '', '', '', '']",,,,,
6988c988d5c2a5e6794fd319,gdelt,global_news,2026-02-08 17:36:08.328,(earthquake OR flood),afmer kuruldu bilimsel afet yönetimi 10 şubatta başlıyor kıbrıs gazetesi kıbrıs haber kktc son dakika gündem haberleri,https://kibrisgazetesi.com/afmer-kuruldu-bilimsel-afet-yonetimi-10-subatta-basliyor/,Turkish,20260123T181500Z,0.0,0.0,0.0,1.0,0.0,0.0,"['afmer kuruldu bilimsel', 'bilimsel afet yönetimi', 'dakika gündem haberleri', 'şubatta başlıyor kıbrıs', 'kuruldu bilimsel afet']","kbrs, afet, afmer","['kbrs', 'afet', 'afmer', 'ubatta', 'son', 'kuruldu', 'kktc', 'haberleri', 'haber', 'gndem']",,,,,
6988cb9bddee7a369523d07f,gdelt,global_news,2026-02-08 17:44:59.116,(earthquake OR flood),台東卑南規模6 1地震 地震保險基金呼籲投保地震險 產經,https://www.cna.com.tw:443/news/afe/202512240299.aspx,Chinese,20251224T113000Z,0.0,0.0,0.0,1.0,0.0,0.0,"['台東卑南規模', '地震保險基金呼籲投保地震險']",", , ","['', '', '', '', '', '', '', '', '', '']",,,,,
6988cb9bddee7a369523d080,gdelt,global_news,2026-02-08 17:44:59.117,(earthquake OR flood),utara maghribi dilanda dua gempa bumi lemah ketika berdepan bencana banjir,https://www.astroawani.com/berita-dunia/utara-maghribi-dilanda-dua-gempa-bumi-lemah-ketika-berdepan-bencana-banjir-558720,Malay,20260208T041500Z,0.0,0.0,0.0,1.0,0.0,0.0,"['utara maghribi dilanda', 'berdepan bencana banjir', 'maghribi dilanda dua', 'dilanda dua gempa', 'dua gempa bumi']","utara, maghribi, lemah","['utara', 'maghribi', 'lemah', 'ketika', 'gempa', 'dua', 'dilanda', 'bumi', 'berdepan', 'bencana']",,,,,
6988cb9bddee7a369523d081,gdelt,global_news,2026-02-08 17:44:59.118,(earthquake OR flood),戴立忍新片 「 功夫 」 圓武俠夢 體力比柯震東好 娛樂,https://www.cna.com.tw:443/news/amov/202512160227.aspx,Chinese,20251216T091500Z,0.0,0.0,0.0,1.0,0.0,0.0,"['戴立忍新片', '圓武俠夢 體力比柯震東好', '圓武俠夢', '體力比柯震東好']",", , ","['', '', '', '', '', '', '', '', '', '']",,,,,
6988cb9bddee7a369523d082,gdelt,global_news,2026-02-08 17:44:59.119,(earthquake OR flood),新竹市民 ： 7 0強震搖晃感跟 921 太像了 消防局籲備妥 「 避難包 」 生活,https://news.ltn.com.tw/news/life/breakingnews/5291751,Chinese,20251227T170000Z,0.0,0.0,0.0,1.0,0.0,0.0,"['太像了 消防局籲備妥', '新竹市民', '強震搖晃感跟', '避難包', '太像了']","921, , ","['921', '', '', '', '', '', '', '', '', '']",,,,,
6988cb9bddee7a369523d083,gdelt,global_news,2026-02-08 17:44:59.121,(earthquake OR flood),afmer kuruldu bilimsel afet yönetimi 10 şubatta başlıyor kıbrıs gazetesi kıbrıs haber kktc son dakika gündem haberleri,https://kibrisgazetesi.com/afmer-kuruldu-bilimsel-afet-yonetimi-10-subatta-basliyor/,Turkish,20260123T181500Z,0.0,0.0,0.0,1.0,0.0,0.0,"['afmer kuruldu bilimsel', 'bilimsel afet yönetimi', 'dakika gündem haberleri', 'şubatta başlıyor kıbrıs', 'kuruldu bilimsel afet']","kbrs, afet, afmer","['kbrs', 'afet', 'afmer', 'ubatta', 'son', 'kuruldu', 'kktc', 'haberleri', 'haber', 'gndem']",,,,,
6989ed1b965a6a7ada102213,gdelt,global_news,2026-02-09 14:20:11.627,(earthquake OR flood),台東卑南規模6 1地震 地震保險基金呼籲投保地震險 產經,https://www.cna.com.tw:443/news/afe/202512240299.aspx,Chinese,20251224T113000Z,0.0,0.0,0.0,1.0,0.0,0.0,"['台東卑南規模', '地震保險基金呼籲投保地震險']",", , ","['', '', '', '', '', '', '', '', '', '']",,,,,
6989ed1b965a6a7ada102214,gdelt,global_news,2026-02-09 14:20:11.629,(earthquake OR flood),戴立忍新片 「 功夫 」 圓武俠夢 體力比柯震東好 娛樂,https://www.cna.com.tw:443/news/amov/202512160227.aspx,Chinese,20251216T091500Z,0.0,0.0,0.0,1.0,0.0,0.0,"['戴立忍新片', '圓武俠夢 體力比柯震東好', '圓武俠夢', '體力比柯震東好']",", , ","['', '', '', '', '', '', '', '', '', '']",,,,,
6989ed1b965a6a7ada102215,gdelt,global_news,2026-02-09 14:20:11.630,(earthquake OR flood),utara maghribi dilanda dua gempa bumi lemah ketika berdepan bencana banjir,https://www.astroawani.com/berita-dunia/utara-maghribi-dilanda-dua-gempa-bumi-lemah-ketika-berdepan-bencana-banjir-558720,Malay,20260208T041500Z,0.0,0.0,0.0,1.0,0.0,0.0,"['utara maghribi dilanda', 'berdepan bencana banjir', 'maghribi dilanda dua', 'dilanda dua gempa', 'dua gempa bumi']","utara, maghribi, lemah","['utara', 'maghribi', 'lemah', 'ketika', 'gempa', 'dua', 'dilanda', 'bumi', 'berdepan', 'bencana']",,,,,
6989ed1b965a6a7ada102216,gdelt,global_news,2026-02-09 14:20:11.630,(earthquake OR flood),新竹市民 ： 7 0強震搖晃感跟 921 太像了 消防局籲備妥 「 避難包 」 生活,https://news.ltn.com.tw/news/life/breakingnews/5291751,Chinese,20251227T170000Z,0.0,0.0,0.0,1.0,0.0,0.0,"['太像了 消防局籲備妥', '新竹市民', '強震搖晃感跟', '避難包', '太像了']","921, , ","['921', '', '', '', '', '', '', '', '', '']",,,,,
6989ed1b965a6a7ada102217,gdelt,global_news,2026-02-09 14:20:11.631,(earthquake OR flood),afmer kuruldu bilimsel afet yönetimi 10 şubatta başlıyor kıbrıs gazetesi kıbrıs haber kktc son dakika gündem haberleri,https://kibrisgazetesi.com/afmer-kuruldu-bilimsel-afet-yonetimi-10-subatta-basliyor/,Turkish,20260123T181500Z,0.0,0.0,0.0,1.0,0.0,0.0,"['afmer kuruldu bilimsel', 'bilimsel afet yönetimi', 'dakika gündem haberleri', 'şubatta başlıyor kıbrıs', 'kuruldu bilimsel afet']","kbrs, afet, afmer","['kbrs', 'afet', 'afmer', 'ubatta', 'son', 'kuruldu', 'kktc', 'haberleri', 'haber', 'gndem']",,,,,
6989f2be48dc8b6da506d079,gdelt,global_news,2026-02-09 14:44:14.749,(earthquake OR flood),台東卑南規模6 1地震 地震保險基金呼籲投保地震險 產經,https://www.cna.com.tw:443/news/afe/202512240299.aspx,Chinese,20251224T113000Z,0.0,0.0,0.0,1.0,0.0,0.0,"['台東卑南規模', '地震保險基金呼籲投保地震險']",", , ","['', '', '', '', '', '', '', '', '', '']",,,,,
6989f2be48dc8b6da506d07a,gdelt,global_news,2026-02-09 14:44:14.751,(earthquake OR flood),戴立忍新片 「 功夫 」 圓武俠夢 體力比柯震東好 娛樂,https://www.cna.com.tw:443/news/amov/202512160227.aspx,Chinese,20251216T091500Z,0.0,0.0,0.0,1.0,0.0,0.0,"['戴立忍新片', '圓武俠夢 體力比柯震東好', '圓武俠夢', '體力比柯震東好']",", , ","['', '', '', '', '', '', '', '', '', '']",,,,,
6989f2be48dc8b6da506d07b,gdelt,global_news,2026-02-09 14:44:14.752,(earthquake OR flood),utara maghribi dilanda dua gempa bumi lemah ketika berdepan bencana banjir,https://www.astroawani.com/berita-dunia/utara-maghribi-dilanda-dua-gempa-bumi-lemah-ketika-berdepan-bencana-banjir-558720,Malay,20260208T041500Z,0.0,0.0,0.0,1.0,0.0,0.0,"['utara maghribi dilanda', 'berdepan bencana banjir', 'maghribi dilanda dua', 'dilanda dua gempa', 'dua gempa bumi']","utara, maghribi, lemah","['utara', 'maghribi', 'lemah', 'ketika', 'gempa', 'dua', 'dilanda', 'bumi', 'berdepan', 'bencana']",,,,,
6989f2be48dc8b6da506d07c,gdelt,global_news,2026-02-09 14:44:14.753,(earthquake OR flood),新竹市民 ： 7 0強震搖晃感跟 921 太像了 消防局籲備妥 「 避難包 」 生活,https://news.ltn.com.tw/news/life/breakingnews/5291751,Chinese,20251227T170000Z,0.0,0.0,0.0,1.0,0.0,0.0,"['太像了 消防局籲備妥', '新竹市民', '強震搖晃感跟', '避難包', '太像了']","921, , ","['921', '', '', '', '', '', '', '', '', '']",,,,,
6989f2be48dc8b6da506d07d,gdelt,global_news,2026-02-09 14:44:14.753,(earthquake OR flood),afmer kuruldu bilimsel afet yönetimi 10 şubatta başlıyor kıbrıs gazetesi kıbrıs haber kktc son dakika gündem haberleri,https://kibrisgazetesi.com/afmer-kuruldu-bilimsel-afet-yonetimi-10-subatta-basliyor/,Turkish,20260123T181500Z,0.0,0.0,0.0,1.0,0.0,0.0,"['afmer kuruldu bilimsel', 'bilimsel afet yönetimi', 'dakika gündem haberleri', 'şubatta başlıyor kıbrıs', 'kuruldu bilimsel afet']","kbrs, afet, afmer","['kbrs', 'afet', 'afmer', 'ubatta', 'son', 'kuruldu', 'kktc', 'haberleri', 'haber', 'gndem']",,,,,
6989f4509c9acb53fdd8cafe,gdelt,global_news,2026-02-09 14:50:56.340,(earthquake OR flood),台東卑南規模6 1地震 地震保險基金呼籲投保地震險 產經,https://www.cna.com.tw:443/news/afe/202512240299.aspx,Chinese,20251224T113000Z,0.0,0.0,0.0,1.0,0.0,0.0,"['台東卑南規模', '地震保險基金呼籲投保地震險']",", , ","['', '', '', '', '', '', '', '', '', '']",,,,,
6989f4509c9acb53fdd8caff,gdelt,global_news,2026-02-09 14:50:56.343,(earthquake OR flood),戴立忍新片 「 功夫 」 圓武俠夢 體力比柯震東好 娛樂,https://www.cna.com.tw:443/news/amov/202512160227.aspx,Chinese,20251216T091500Z,0.0,0.0,0.0,1.0,0.0,0.0,"['戴立忍新片', '圓武俠夢 體力比柯震東好', '圓武俠夢', '體力比柯震東好']",", , ","['', '', '', '', '', '', '', '', '', '']",,,,,
6989f4509c9acb53fdd8cb00,gdelt,global_news,2026-02-09 14:50:56.344,(earthquake OR flood),utara maghribi dilanda dua gempa bumi lemah ketika berdepan bencana banjir,https://www.astroawani.com/berita-dunia/utara-maghribi-dilanda-dua-gempa-bumi-lemah-ketika-berdepan-bencana-banjir-558720,Malay,20260208T041500Z,0.0,0.0,0.0,1.0,0.0,0.0,"['utara maghribi dilanda', 'berdepan bencana banjir', 'maghribi dilanda dua', 'dilanda dua gempa', 'dua gempa bumi']","utara, maghribi, lemah","['utara', 'maghribi', 'lemah', 'ketika', 'gempa', 'dua', 'dilanda', 'bumi', 'berdepan', 'bencana']",,,,,
6989f4509c9acb53fdd8cb01,gdelt,global_news,2026-02-09 14:50:56.345,(earthquake OR flood),新竹市民 ： 7 0強震搖晃感跟 921 太像了 消防局籲備妥 「 避難包 」 生活,https://news.ltn.com.tw/news/life/breakingnews/5291751,Chinese,20251227T170000Z,0.0,0.0,0.0,1.0,0.0,0.0,"['太像了 消防局籲備妥', '新竹市民', '強震搖晃感跟', '避難包', '太像了']","921, , ","['921', '', '', '', '', '', '', '', '', '']",,,,,
6989f4509c9acb53fdd8cb02,gdelt,global_news,2026-02-09 14:50:56.346,(earthquake OR flood),afmer kuruldu bilimsel afet yönetimi 10 şubatta başlıyor kıbrıs gazetesi kıbrıs haber kktc son dakika gündem haberleri,https://kibrisgazetesi.com/afmer-kuruldu-bilimsel-afet-yonetimi-10-subatta-basliyor/,Turkish,20260123T181500Z,0.0,0.0,0.0,1.0,0.0,0.0,"['afmer kuruldu bilimsel', 'bilimsel afet yönetimi', 'dakika gündem haberleri', 'şubatta başlıyor kıbrıs', 'kuruldu bilimsel afet']","kbrs, afet, afmer","['kbrs', 'afet', 'afmer', 'ubatta', 'son', 'kuruldu', 'kktc', 'haberleri', 'haber', 'gndem']",,,,,
6989f592e1e7144549c0badf,gdelt,global_news,2026-02-09 14:56:18.166,(earthquake OR flood),台東卑南規模6 1地震 地震保險基金呼籲投保地震險 產經,https://www.cna.com.tw:443/news/afe/202512240299.aspx,Chinese,20251224T113000Z,0.0,0.0,0.0,1.0,0.0,0.0,"['台東卑南規模', '地震保險基金呼籲投保地震險']",", , ","['', '', '', '', '', '', '', '', '', '']",,,,,
6989f592e1e7144549c0bae0,gdelt,global_news,2026-02-09 14:56:18.167,(earthquake OR flood),戴立忍新片 「 功夫 」 圓武俠夢 體力比柯震東好 娛樂,https://www.cna.com.tw:443/news/amov/202512160227.aspx,Chinese,20251216T091500Z,0.0,0.0,0.0,1.0,0.0,0.0,"['戴立忍新片', '圓武俠夢 體力比柯震東好', '圓武俠夢', '體力比柯震東好']",", , ","['', '', '', '', '', '', '', '', '', '']",,,,,
6989f592e1e7144549c0bae1,gdelt,global_news,2026-02-09 14:56:18.168,(earthquake OR flood),utara maghribi dilanda dua gempa bumi lemah ketika berdepan bencana banjir,https://www.astroawani.com/berita-dunia/utara-maghribi-dilanda-dua-gempa-bumi-lemah-ketika-berdepan-bencana-banjir-558720,Malay,20260208T041500Z,0.0,0.0,0.0,1.0,0.0,0.0,"['utara maghribi dilanda', 'berdepan bencana banjir', 'maghribi dilanda dua', 'dilanda dua gempa', 'dua gempa bumi']","utara, maghribi, lemah","['utara', 'maghribi', 'lemah', 'ketika', 'gempa', 'dua', 'dilanda', 'bumi', 'berdepan', 'bencana']",,,,,
6989f592e1e7144549c0bae2,gdelt,global_news,2026-02-09 14:56:18.169,(earthquake OR flood),新竹市民 ： 7 0強震搖晃感跟 921 太像了 消防局籲備妥 「 避難包 」 生活,https://news.ltn.com.tw/news/life/breakingnews/5291751,Chinese,20251227T170000Z,0.0,0.0,0.0,1.0,0.0,0.0,"['太像了 消防局籲備妥', '新竹市民', '強震搖晃感跟', '避難包', '太像了']","921, , ","['921', '', '', '', '', '', '', '', '', '']",,,,,
6989f592e1e7144549c0bae3,gdelt,global_news,2026-02-09 14:56:18.170,(earthquake OR flood),afmer kuruldu bilimsel afet yönetimi 10 şubatta başlıyor kıbrıs gazetesi kıbrıs haber kktc son dakika gündem haberleri,https://kibrisgazetesi.com/afmer-kuruldu-bilimsel-afet-yonetimi-10-subatta-basliyor/,Turkish,20260123T181500Z,0.0,0.0,0.0,1.0,0.0,0.0,"['afmer kuruldu bilimsel', 'bilimsel afet yönetimi', 'dakika gündem haberleri', 'şubatta başlıyor kıbrıs', 'kuruldu bilimsel afet']","kbrs, afet, afmer","['kbrs', 'afet', 'afmer', 'ubatta', 'son', 'kuruldu', 'kktc', 'haberleri', 'haber', 'gndem']",,,,,
6989fb7b965a6a7ada1023c0,gdelt,global_news,2026-02-09 15:21:31.819,(earthquake OR flood),台東卑南規模6 1地震 地震保險基金呼籲投保地震險 產經,https://www.cna.com.tw:443/news/afe/202512240299.aspx,Chinese,20251224T113000Z,0.0,0.0,0.0,1.0,0.0,0.0,"['台東卑南規模', '地震保險基金呼籲投保地震險']",", , ","['', '', '', '', '', '', '', '', '', '']",,,,,
6989fb7b965a6a7ada1023c1,gdelt,global_news,2026-02-09 15:21:31.821,(earthquake OR flood),utara maghribi dilanda dua gempa bumi lemah ketika berdepan bencana banjir,https://www.astroawani.com/berita-dunia/utara-maghribi-dilanda-dua-gempa-bumi-lemah-ketika-berdepan-bencana-banjir-558720,Malay,20260208T041500Z,0.0,0.0,0.0,1.0,0.0,0.0,"['utara maghribi dilanda', 'berdepan bencana banjir', 'maghribi dilanda dua', 'dilanda dua gempa', 'dua gempa bumi']","utara, maghribi, lemah","['utara', 'maghribi', 'lemah', 'ketika', 'gempa', 'dua', 'dilanda', 'bumi', 'berdepan', 'bencana']",,,,,
6989fb7b965a6a7ada1023c2,gdelt,global_news,2026-02-09 15:21:31.822,(earthquake OR flood),戴立忍新片 「 功夫 」 圓武俠夢 體力比柯震東好 娛樂,https://www.cna.com.tw:443/news/amov/202512160227.aspx,Chinese,20251216T091500Z,0.0,0.0,0.0,1.0,0.0,0.0,"['戴立忍新片', '圓武俠夢 體力比柯震東好', '圓武俠夢', '體力比柯震東好']",", , ","['', '', '', '', '', '', '', '', '', '']",,,,,
6989fb7b965a6a7ada1023c3,gdelt,global_news,2026-02-09 15:21:31.823,(earthquake OR flood),新竹市民 ： 7 0強震搖晃感跟 921 太像了 消防局籲備妥 「 避難包 」 生活,https://news.ltn.com.tw/news/life/breakingnews/5291751,Chinese,20251227T170000Z,0.0,0.0,0.0,1.0,0.0,0.0,"['太像了 消防局籲備妥', '新竹市民', '強震搖晃感跟', '避難包', '太像了']","921, , ","['921', '', '', '', '', '', '', '', '', '']",,,,,
6989fb7b965a6a7ada1023c4,gdelt,global_news,2026-02-09 15:21:31.823,(earthquake OR flood),afmer kuruldu bilimsel afet yönetimi 10 şubatta başlıyor kıbrıs gazetesi kıbrıs haber kktc son dakika gündem haberleri,https://kibrisgazetesi.com/afmer-kuruldu-bilimsel-afet-yonetimi-10-subatta-basliyor/,Turkish,20260123T181500Z,0.0,0.0,0.0,1.0,0.0,0.0,"['afmer kuruldu bilimsel', 'bilimsel afet yönetimi', 'dakika gündem haberleri', 'şubatta başlıyor kıbrıs', 'kuruldu bilimsel afet']","kbrs, afet, afmer","['kbrs', 'afet', 'afmer', 'ubatta', 'son', 'kuruldu', 'kktc', 'haberleri', 'haber', 'gndem']",,,,,
6989fd43b5061cd9d261e1bb,gdelt,global_news,2026-02-09 15:29:07.674,(earthquake OR flood),台東卑南規模6 1地震 地震保險基金呼籲投保地震險 產經,https://www.cna.com.tw:443/news/afe/202512240299.aspx,Chinese,20251224T113000Z,0.0,0.0,0.0,1.0,0.0,0.0,"['台東卑南規模', '地震保險基金呼籲投保地震險']",", , ","['', '', '', '', '', '', '', '', '', '']",,,,,
6989fd43b5061cd9d261e1bc,gdelt,global_news,2026-02-09 15:29:07.675,(earthquake OR flood),utara maghribi dilanda dua gempa bumi lemah ketika berdepan bencana banjir,https://www.astroawani.com/berita-dunia/utara-maghribi-dilanda-dua-gempa-bumi-lemah-ketika-berdepan-bencana-banjir-558720,Malay,20260208T041500Z,0.0,0.0,0.0,1.0,0.0,0.0,"['utara maghribi dilanda', 'berdepan bencana banjir', 'maghribi dilanda dua', 'dilanda dua gempa', 'dua gempa bumi']","utara, maghribi, lemah","['utara', 'maghribi', 'lemah', 'ketika', 'gempa', 'dua', 'dilanda', 'bumi', 'berdepan', 'bencana']",,,,,
6989fd43b5061cd9d261e1bd,gdelt,global_news,2026-02-09 15:29:07.677,(earthquake OR flood),戴立忍新片 「 功夫 」 圓武俠夢 體力比柯震東好 娛樂,https://www.cna.com.tw:443/news/amov/202512160227.aspx,Chinese,20251216T091500Z,0.0,0.0,0.0,1.0,0.0,0.0,"['戴立忍新片', '圓武俠夢 體力比柯震東好', '圓武俠夢', '體力比柯震東好']",", , ","['', '', '', '', '', '', '', '', '', '']",,,,,
6989fd43b5061cd9d261e1be,gdelt,global_news,2026-02-09 15:29:07.678,(earthquake OR flood),新竹市民 ： 7 0強震搖晃感跟 921 太像了 消防局籲備妥 「 避難包 」 生活,https://news.ltn.com.tw/news/life/breakingnews/5291751,Chinese,20251227T170000Z,0.0,0.0,0.0,1.0,0.0,0.0,"['太像了 消防局籲備妥', '新竹市民', '強震搖晃感跟', '避難包', '太像了']","921, , ","['921', '', '', '', '', '', '', '', '', '']",,,,,
6989fd43b5061cd9d261e1bf,gdelt,global_news,2026-02-09 15:29:07.679,(earthquake OR flood),afmer kuruldu bilimsel afet yönetimi 10 şubatta başlıyor kıbrıs gazetesi kıbrıs haber kktc son dakika gündem haberleri,https://kibrisgazetesi.com/afmer-kuruldu-bilimsel-afet-yonetimi-10-subatta-basliyor/,Turkish,20260123T181500Z,0.0,0.0,0.0,1.0,0.0,0.0,"['afmer kuruldu bilimsel', 'bilimsel afet yönetimi', 'dakika gündem haberleri', 'şubatta başlıyor kıbrıs', 'kuruldu bilimsel afet']","kbrs, afet, afmer","['kbrs', 'afet', 'afmer', 'ubatta', 'son', 'kuruldu', 'kktc', 'haberleri', 'haber', 'gndem']",,,,,
6989fe2fed1b4e22efab78b8,gdelt,global_news,2026-02-09 15:33:03.738,(earthquake OR flood),台東卑南規模6 1地震 地震保險基金呼籲投保地震險 產經,https://www.cna.com.tw:443/news/afe/202512240299.aspx,Chinese,20251224T113000Z,0.0,0.0,0.0,1.0,0.0,0.0,"['台東卑南規模', '地震保險基金呼籲投保地震險']",", , ","['', '', '', '', '', '', '', '', '', '']",,,,,
6989fe2fed1b4e22efab78b9,gdelt,global_news,2026-02-09 15:33:03.740,(earthquake OR flood),utara maghribi dilanda dua gempa bumi lemah ketika berdepan bencana banjir,https://www.astroawani.com/berita-dunia/utara-maghribi-dilanda-dua-gempa-bumi-lemah-ketika-berdepan-bencana-banjir-558720,Malay,20260208T041500Z,0.0,0.0,0.0,1.0,0.0,0.0,"['utara maghribi dilanda', 'berdepan bencana banjir', 'maghribi dilanda dua', 'dilanda dua gempa', 'dua gempa bumi']","utara, maghribi, lemah","['utara', 'maghribi', 'lemah', 'ketika', 'gempa', 'dua', 'dilanda', 'bumi', 'berdepan', 'bencana']",,,,,
6989fe2fed1b4e22efab78ba,gdelt,global_news,2026-02-09 15:33:03.740,(earthquake OR flood),戴立忍新片 「 功夫 」 圓武俠夢 體力比柯震東好 娛樂,https://www.cna.com.tw:443/news/amov/202512160227.aspx,Chinese,20251216T091500Z,0.0,0.0,0.0,1.0,0.0,0.0,"['戴立忍新片', '圓武俠夢 體力比柯震東好', '圓武俠夢', '體力比柯震東好']",", , ","['', '', '', '', '', '', '', '', '', '']",,,,,
6989fe2fed1b4e22efab78bb,gdelt,global_news,2026-02-09 15:33:03.742,(earthquake OR flood),新竹市民 ： 7 0強震搖晃感跟 921 太像了 消防局籲備妥 「 避難包 」 生活,https://news.ltn.com.tw/news/life/breakingnews/5291751,Chinese,20251227T170000Z,0.0,0.0,0.0,1.0,0.0,0.0,"['太像了 消防局籲備妥', '新竹市民', '強震搖晃感跟', '避難包', '太像了']","921, , ","['921', '', '', '', '', '', '', '', '', '']",,,,,
6989fe2fed1b4e22efab78bc,gdelt,global_news,2026-02-09 15:33:03.743,(earthquake OR flood),afmer kuruldu bilimsel afet yönetimi 10 şubatta başlıyor kıbrıs gazetesi kıbrıs haber kktc son dakika gündem haberleri,https://kibrisgazetesi.com/afmer-kuruldu-bilimsel-afet-yonetimi-10-subatta-basliyor/,Turkish,20260123T181500Z,0.0,0.0,0.0,1.0,0.0,0.0,"['afmer kuruldu bilimsel', 'bilimsel afet yönetimi', 'dakika gündem haberleri', 'şubatta başlıyor kıbrıs', 'kuruldu bilimsel afet']","kbrs, afet, afmer","['kbrs', 'afet', 'afmer', 'ubatta', 'son', 'kuruldu', 'kktc', 'haberleri', 'haber', 'gndem']",,,,,
6989ff66c46ca4ffb9ee48bc,gdelt,global_news,2026-02-09 15:38:14.756,(earthquake OR flood),台東卑南規模6 1地震 地震保險基金呼籲投保地震險 產經,https://www.cna.com.tw:443/news/afe/202512240299.aspx,Chinese,20251224T113000Z,0.0,0.0,0.0,1.0,0.0,0.0,"['台東卑南規模', '地震保險基金呼籲投保地震險']",", , ","['', '', '', '', '', '', '', '', '', '']",,,,,
6989ff66c46ca4ffb9ee48bd,gdelt,global_news,2026-02-09 15:38:14.757,(earthquake OR flood),utara maghribi dilanda dua gempa bumi lemah ketika berdepan bencana banjir,https://www.astroawani.com/berita-dunia/utara-maghribi-dilanda-dua-gempa-bumi-lemah-ketika-berdepan-bencana-banjir-558720,Malay,20260208T041500Z,0.0,0.0,0.0,1.0,0.0,0.0,"['utara maghribi dilanda', 'berdepan bencana banjir', 'maghribi dilanda dua', 'dilanda dua gempa', 'dua gempa bumi']","utara, maghribi, lemah","['utara', 'maghribi', 'lemah', 'ketika', 'gempa', 'dua', 'dilanda', 'bumi', 'berdepan', 'bencana']",,,,,
6989ff66c46ca4ffb9ee48be,gdelt,global_news,2026-02-09 15:38:14.757,(earthquake OR flood),戴立忍新片 「 功夫 」 圓武俠夢 體力比柯震東好 娛樂,https://www.cna.com.tw:443/news/amov/202512160227.aspx,Chinese,20251216T091500Z,0.0,0.0,0.0,1.0,0.0,0.0,"['戴立忍新片', '圓武俠夢 體力比柯震東好', '圓武俠夢', '體力比柯震東好']",", , ","['', '', '', '', '', '', '', '', '', '']",,,,,
6989ff66c46ca4ffb9ee48bf,gdelt,global_news,2026-02-09 15:38:14.759,(earthquake OR flood),新竹市民 ： 7 0強震搖晃感跟 921 太像了 消防局籲備妥 「 避難包 」 生活,https://news.ltn.com.tw/news/life/breakingnews/5291751,Chinese,20251227T170000Z,0.0,0.0,0.0,1.0,0.0,0.0,"['太像了 消防局籲備妥', '新竹市民', '強震搖晃感跟', '避難包', '太像了']","921, , ","['921', '', '', '', '', '', '', '', '', '']",,,,,
6989ff66c46ca4ffb9ee48c0,gdelt,global_news,2026-02-09 15:38:14.759,(earthquake OR flood),afmer kuruldu bilimsel afet yönetimi 10 şubatta başlıyor kıbrıs gazetesi kıbrıs haber kktc son dakika gündem haberleri,https://kibrisgazetesi.com/afmer-kuruldu-bilimsel-afet-yonetimi-10-subatta-basliyor/,Turkish,20260123T181500Z,0.0,0.0,0.0,1.0,0.0,0.0,"['afmer kuruldu bilimsel', 'bilimsel afet yönetimi', 'dakika gündem haberleri', 'şubatta başlıyor kıbrıs', 'kuruldu bilimsel afet']","kbrs, afet, afmer","['kbrs', 'afet', 'afmer', 'ubatta', 'son', 'kuruldu', 'kktc', 'haberleri', 'haber', 'gndem']",,,,,
698a02547382ae721cd3b19b,,,,,,,,,,,,,,-0.705424423978315,,test_topic_7,,,,,,2026-02-09T15:50:44.535245
698a02547382ae721cd3b19c,,,,,,,,,,,,,,0.148179507419413,,test_topic_2,,,,,,2026-02-09T15:50:44.535245
698a02547382ae721cd3b19d,,,,,,,,,,,,,,-0.43161980694193947,,test_topic_1,,,,,,2026-02-09T15:50:44.535245
698a02547382ae721cd3b19e,,,,,,,,,,,,,,0.15974928971719593,,test_topic_3,,,,,,2026-02-09T14:50:44.538872
698a02547382ae721cd3b19f,,,,,,,,,,,,,,-0.2919256385907598,,test_topic_5,,,,,,2026-02-09T14:50:44.538872
698a02547382ae721cd3b1a0,,,,,,,,,,,,,,-0.17576697466227564,,test_topic_3,,,,,,2026-02-09T14:50:44.538872
698a02547382ae721cd3b1a1,,,,,,,,,,,,,,-0.9433735257582601,,test_topic_6,,,,,,2026-02-09T13:50:44.540913
698a02547382ae721cd3b1a2,,,,,,,,,,,,,,-0.9634569187794875,,test_topic_4,,,,,,2026-02-09T13:50:44.540913
698a02547382ae721cd3b1a3,,,,,,,,,,,,,,0.9964939020302952,,test_topic_5,,,,,,2026-02-09T13:50:44.540913
698a02547382ae721cd3b1a4,,,,,,,,,,,,,,-0.6342839228914365,,test_topic_4,,,,,,2026-02-09T12:50:44.542882
698a02547382ae721cd3b1a5,,,,,,,,,,,,,,0.3426984339587924,,test_topic_7,,,,,,2026-02-09T12:50:44.542882
698a02547382ae721cd3b1a6,,,,,,,,,,,,,,-0.7737891123419005,,test_topic_2,,,,,,2026-02-09T12:50:44.542882
698a02547382ae721cd3b1a7,,,,,,,,,,,,,,0.3614210508730853,,test_topic_10,,,,,,2026-02-09T11:50:44.544878
698a02547382ae721cd3b1a8,,,,,,,,,,,,,,0.36508638999197873,,test_topic_4,,,,,,2026-02-09T11:50:44.544878
698a02547382ae721cd3b1a9,,,,,,,,,,,,,,-0.2446310913443943,,test_topic_5,,,,,,2026-02-09T11:50:44.544878
698a02547382ae721cd3b1aa,,,,,,,,,,,,,,0.9099791385574356,,test_topic_10,,,,,,2026-02-09T10:50:44.545878
698a02547382ae721cd3b1ab,,,,,,,,,,,,,,-0.5915734909522454,,test_topic_5,,,,,,2026-02-09T10:50:44.545878
698a02547382ae721cd3b1ac,,,,,,,,,,,,,,-0.9835761022601355,,test_topic_7,,,,,,2026-02-09T10:50:44.545878
698a02547382ae721cd3b1ad,,,,,,,,,,,,,,0.3592847740540668,,test_topic_7,,,,,,2026-02-09T09:50:44.546878
698a02547382ae721cd3b1ae,,,,,,,,,,,,,,0.6152900070518272,,test_topic_5,,,,,,2026-02-09T09:50:44.546878
698a02547382ae721cd3b1af,,,,,,,,,,,,,,0.3947419130994041,,test_topic_5,,,,,,2026-02-09T09:50:44.546878
698a02547382ae721cd3b1b0,,,,,,,,,,,,,,-0.19486959515032276,,test_topic_8,,,,,,2026-02-09T08:50:44.548907
698a02547382ae721cd3b1b1,,,,,,,,,,,,,,-0.952254941670003,,test_topic_9,,,,,,2026-02-09T08:50:44.548907
698a02547382ae721cd3b1b2,,,,,,,,,,,,,,0.7274089770592003,,test_topic_9,,,,,,2026-02-09T08:50:44.548907
698a02547382ae721cd3b1b3,,,,,,,,,,,,,,-0.5210225933072585,,test_topic_10,,,,,,2026-02-09T07:50:44.550423
698a02547382ae721cd3b1b4,,,,,,,,,,,,,,0.7466767741131703,,test_topic_1,,,,,,2026-02-09T07:50:44.550423
698a02547382ae721cd3b1b5,,,,,,,,,,,,,,-0.9288815564107209,,test_topic_8,,,,,,2026-02-09T07:50:44.550423
698a02547382ae721cd3b1b6,,,,,,,,,,,,,,0.5747279358169759,,test_topic_6,,,,,,2026-02-09T06:50:44.552428
698a02547382ae721cd3b1b7,,,,,,,,,,,,,,0.22660824657886613,,test_topic_9,,,,,,2026-02-09T06:50:44.552428
698a02547382ae721cd3b1b8,,,,,,,,,,,,,,-0.7050536513033787,,test_topic_1,,,,,,2026-02-09T06:50:44.552428
698a02547382ae721cd3b1b9,,,,,,,,,,,,,,-0.31521638587888456,,test_topic_1,,,,,,2026-02-09T05:50:44.553357
698a02547382ae721cd3b1ba,,,,,,,,,,,,,,-0.28921208717103575,,test_topic_10,,,,,,2026-02-09T05:50:44.553357
698a02547382ae721cd3b1bb,,,,,,,,,,,,,,-0.9181025340865983,,test_topic_3,,,,,,2026-02-09T05:50:44.553357
698a02547382ae721cd3b1bc,,,,,,,,,,,,,,-0.9492990721437784,,test_topic_4,,,,,,2026-02-09T04:50:44.554428
698a02547382ae721cd3b1bd,,,,,,,,,,,,,,-0.8123434815126749,,test_topic_6,,,,,,2026-02-09T04:50:44.554428
698a02547382ae721cd3b1be,,,,,,,,,,,,,,0.7470134842019218,,test_topic_1,,,,,,2026-02-09T04:50:44.554428
698a02547382ae721cd3b1bf,,,,,,,,,,,,,,-0.6372508050071111,,test_topic_9,,,,,,2026-02-09T03:50:44.557942
698a02547382ae721cd3b1c0,,,,,,,,,,,,,,-0.25202806068924266,,test_topic_7,,,,,,2026-02-09T03:50:44.557942
698a02547382ae721cd3b1c1,,,,,,,,,,,,,,-0.037296412468122764,,test_topic_6,,,,,,2026-02-09T03:50:44.557942
698a02547382ae721cd3b1c2,,,,,,,,,,,,,,0.008867414215313785,,test_topic_7,,,,,,2026-02-09T02:50:44.558944
698a02547382ae721cd3b1c3,,,,,,,,,,,,,,-0.3850499517527264,,test_topic_5,,,,,,2026-02-09T02:50:44.558944
698a02547382ae721cd3b1c4,,,,,,,,,,,,,,0.6724062409850926,,test_topic_2,,,,,,2026-02-09T02:50:44.558944
698a02547382ae721cd3b1c5,,,,,,,,,,,,,,-0.3261762402889572,,test_topic_10,,,,,,2026-02-09T01:50:44.561155
698a02547382ae721cd3b1c6,,,,,,,,,,,,,,-0.6907982013044038,,test_topic_10,,,,,,2026-02-09T01:50:44.561155
698a02547382ae721cd3b1c7,,,,,,,,,,,,,,-0.8131430969695856,,test_topic_10,,,,,,2026-02-09T01:50:44.561155
698a02547382ae721cd3b1c8,,,,,,,,,,,,,,0.7100680130927906,,test_topic_6,,,,,,2026-02-09T00:50:44.562155
698a02547382ae721cd3b1c9,,,,,,,,,,,,,,0.2221866967320718,,test_topic_5,,,,,,2026-02-09T00:50:44.562155
698a02547382ae721cd3b1ca,,,,,,,,,,,,,,0.7305315094041318,,test_topic_5,,,,,,2026-02-09T00:50:44.562155
698a02547382ae721cd3b1cb,,,,,,,,,,,,,,0.006159728380402463,,test_topic_2,,,,,,2026-02-08T23:50:44.563155
698a02547382ae721cd3b1cc,,,,,,,,,,,,,,-0.5078536215135454,,test_topic_7,,,,,,2026-02-08T23:50:44.563155
698a02547382ae721cd3b1cd,,,,,,,,,,,,,,0.790063028248331,,test_topic_7,,,,,,2026-02-08T23:50:44.563155
698a02547382ae721cd3b1ce,,,,,,,,,,,,,,0.4642407689038266,,test_topic_6,,,,,,2026-02-08T22:50:44.564155
698a02547382ae721cd3b1cf,,,,,,,,,,,,,,0.4557330468400489,,test_topic_10,,,,,,2026-02-08T22:50:44.564155
698a02547382ae721cd3b1d0,,,,,,,,,,,,,,-0.0790473550227877,,test_topic_3,,,,,,2026-02-08T22:50:44.564155
698a02547382ae721cd3b1d1,,,,,,,,,,,,,,-0.7404986714782169,,test_topic_6,,,,,,2026-02-08T21:50:44.565154
698a02547382ae721cd3b1d2,,,,,,,,,,,,,,0.897390236660043,,test_topic_1,,,,,,2026-02-08T21:50:44.565154
698a02547382ae721cd3b1d3,,,,,,,,,,,,,,0.432872844272973,,test_topic_10,,,,,,2026-02-08T21:50:44.565154
698a02547382ae721cd3b1d4,,,,,,,,,,,,,,-0.8646024689649086,,test_topic_10,,,,,,2026-02-08T20:50:44.567179
698a02547382ae721cd3b1d5,,,,,,,,,,,,,,0.34705513561128987,,test_topic_1,,,,,,2026-02-08T20:50:44.567179
698a02547382ae721cd3b1d6,,,,,,,,,,,,,,0.5281603120071929,,test_topic_6,,,,,,2026-02-08T20:50:44.567179
698a02547382ae721cd3b1d7,,,,,,,,,,,,,,-0.3565029408495419,,test_topic_4,,,,,,2026-02-08T19:50:44.568186
698a02547382ae721cd3b1d8,,,,,,,,,,,,,,0.3066576755540047,,test_topic_9,,,,,,2026-02-08T19:50:44.568186
698a02547382ae721cd3b1d9,,,,,,,,,,,,,,-0.5939809079821881,,test_topic_8,,,,,,2026-02-08T19:50:44.568186
698a02547382ae721cd3b1da,,,,,,,,,,,,,,0.4285050197620017,,test_topic_6,,,,,,2026-02-08T18:50:44.569184
698a02547382ae721cd3b1db,,,,,,,,,,,,,,-0.8331876563822913,,test_topic_1,,,,,,2026-02-08T18:50:44.569184
698a02547382ae721cd3b1dc,,,,,,,,,,,,,,-0.7181385454238873,,test_topic_9,,,,,,2026-02-08T18:50:44.569184
698a02547382ae721cd3b1dd,,,,,,,,,,,,,,-0.7742867545805894,,test_topic_1,,,,,,2026-02-08T17:50:44.571205
698a02547382ae721cd3b1de,,,,,,,,,,,,,,-0.3155445488293278,,test_topic_3,,,,,,2026-02-08T17:50:44.571205
698a02547382ae721cd3b1df,,,,,,,,,,,,,,-0.44902137848785206,,test_topic_7,,,,,,2026-02-08T17:50:44.571205
698a02547382ae721cd3b1e0,,,,,,,,,,,,,,0.0890773395551665,,test_topic_6,,,,,,2026-02-08T16:50:44.578269
698a02547382ae721cd3b1e1,,,,,,,,,,,,,,-0.293935123430894,,test_topic_1,,,,,,2026-02-08T16:50:44.578269
698a02547382ae721cd3b1e2,,,,,,,,,,,,,,-0.7962541162232049,,test_topic_9,,,,,,2026-02-08T16:50:44.578269
698a02fe8cedd0b2d1b744f0,gdelt,global_news,2026-02-09 15:53:34.426,(earthquake OR flood),台東卑南規模6 1地震 地震保險基金呼籲投保地震險 產經,https://www.cna.com.tw:443/news/afe/202512240299.aspx,Chinese,20251224T113000Z,0.0,0.0,0.0,1.0,0.0,0.0,"['台東卑南規模', '地震保險基金呼籲投保地震險']",", , ","['', '', '', '', '', '', '', '', '', '']",,,,,
698a02fe8cedd0b2d1b744f1,gdelt,global_news,2026-02-09 15:53:34.428,(earthquake OR flood),utara maghribi dilanda dua gempa bumi lemah ketika berdepan bencana banjir,https://www.astroawani.com/berita-dunia/utara-maghribi-dilanda-dua-gempa-bumi-lemah-ketika-berdepan-bencana-banjir-558720,Malay,20260208T041500Z,0.0,0.0,0.0,1.0,0.0,0.0,"['utara maghribi dilanda', 'berdepan bencana banjir', 'maghribi dilanda dua', 'dilanda dua gempa', 'dua gempa bumi']","utara, maghribi, lemah","['utara', 'maghribi', 'lemah', 'ketika', 'gempa', 'dua', 'dilanda', 'bumi', 'berdepan', 'bencana']",,,,,
698a02fe8cedd0b2d1b744f2,gdelt,global_news,2026-02-09 15:53:34.429,(earthquake OR flood),戴立忍新片 「 功夫 」 圓武俠夢 體力比柯震東好 娛樂,https://www.cna.com.tw:443/news/amov/202512160227.aspx,Chinese,20251216T091500Z,0.0,0.0,0.0,1.0,0.0,0.0,"['戴立忍新片', '圓武俠夢 體力比柯震東好', '圓武俠夢', '體力比柯震東好']",", , ","['', '', '', '', '', '', '', '', '', '']",,,,,
698a02fe8cedd0b2d1b744f3,gdelt,global_news,2026-02-09 15:53:34.430,(earthquake OR flood),新竹市民 ： 7 0強震搖晃感跟 921 太像了 消防局籲備妥 「 避難包 」 生活,https://news.ltn.com.tw/news/life/breakingnews/5291751,Chinese,20251227T170000Z,0.0,0.0,0.0,1.0,0.0,0.0,"['太像了 消防局籲備妥', '新竹市民', '強震搖晃感跟', '避難包', '太像了']","921, , ","['921', '', '', '', '', '', '', '', '', '']",,,,,
698a02fe8cedd0b2d1b744f4,gdelt,global_news,2026-02-09 15:53:34.430,(earthquake OR flood),afmer kuruldu bilimsel afet yönetimi 10 şubatta başlıyor kıbrıs gazetesi kıbrıs haber kktc son dakika gündem haberleri,https://kibrisgazetesi.com/afmer-kuruldu-bilimsel-afet-yonetimi-10-subatta-basliyor/,Turkish,20260123T181500Z,0.0,0.0,0.0,1.0,0.0,0.0,"['afmer kuruldu bilimsel', 'bilimsel afet yönetimi', 'dakika gündem haberleri', 'şubatta başlıyor kıbrıs', 'kuruldu bilimsel afet']","kbrs, afet, afmer","['kbrs', 'afet', 'afmer', 'ubatta', 'son', 'kuruldu', 'kktc', 'haberleri', 'haber', 'gndem']",,,,,
698a12d7417c1568de18598f,gdelt,global_news,2026-02-09 17:01:11.861,(earthquake OR flood),台東卑南規模6 1地震 地震保險基金呼籲投保地震險 產經,https://www.cna.com.tw:443/news/afe/202512240299.aspx,Chinese,20251224T113000Z,0.0,0.0,0.0,1.0,0.0,0.0,"['台東卑南規模', '地震保險基金呼籲投保地震險']",", , ","['', '', '', '', '', '', '', '', '', '']",,,,,
698a12d7417c1568de185990,gdelt,global_news,2026-02-09 17:01:11.862,(earthquake OR flood),utara maghribi dilanda dua gempa bumi lemah ketika berdepan bencana banjir,https://www.astroawani.com/berita-dunia/utara-maghribi-dilanda-dua-gempa-bumi-lemah-ketika-berdepan-bencana-banjir-558720,Malay,20260208T041500Z,0.0,0.0,0.0,1.0,0.0,0.0,"['utara maghribi dilanda', 'berdepan bencana banjir', 'maghribi dilanda dua', 'dilanda dua gempa', 'dua gempa bumi']","utara, maghribi, lemah","['utara', 'maghribi', 'lemah', 'ketika', 'gempa', 'dua', 'dilanda', 'bumi', 'berdepan', 'bencana']",,,,,
698a12d7417c1568de185991,gdelt,global_news,2026-02-09 17:01:11.863,(earthquake OR flood),戴立忍新片 「 功夫 」 圓武俠夢 體力比柯震東好 娛樂,https://www.cna.com.tw:443/news/amov/202512160227.aspx,Chinese,20251216T091500Z,0.0,0.0,0.0,1.0,0.0,0.0,"['戴立忍新片', '圓武俠夢 體力比柯震東好', '圓武俠夢', '體力比柯震東好']",", , ","['', '', '', '', '', '', '', '', '', '']",,,,,
698a12d7417c1568de185992,gdelt,global_news,2026-02-09 17:01:11.864,(earthquake OR flood),新竹市民 ： 7 0強震搖晃感跟 921 太像了 消防局籲備妥 「 避難包 」 生活,https://news.ltn.com.tw/news/life/breakingnews/5291751,Chinese,20251227T170000Z,0.0,0.0,0.0,1.0,0.0,0.0,"['太像了 消防局籲備妥', '新竹市民', '強震搖晃感跟', '避難包', '太像了']","921, , ","['921', '', '', '', '', '', '', '', '', '']",,,,,
698a12d7417c1568de185993,gdelt,global_news,2026-02-09 17:01:11.865,(earthquake OR flood),afmer kuruldu bilimsel afet yönetimi 10 şubatta başlıyor kıbrıs gazetesi kıbrıs haber kktc son dakika gündem haberleri,https://kibrisgazetesi.com/afmer-kuruldu-bilimsel-afet-yonetimi-10-subatta-basliyor/,Turkish,20260123T181500Z,0.0,0.0,0.0,1.0,0.0,0.0,"['afmer kuruldu bilimsel', 'bilimsel afet yönetimi', 'dakika gündem haberleri', 'şubatta başlıyor kıbrıs', 'kuruldu bilimsel afet']","kbrs, afet, afmer","['kbrs', 'afet', 'afmer', 'ubatta', 'son', 'kuruldu', 'kktc', 'haberleri', 'haber', 'gndem']",,,,,
698a182a965a6a7ada102662,gdelt,global_news,2026-02-09 17:23:54.077,(earthquake OR flood),台東卑南規模6 1地震 地震保險基金呼籲投保地震險 產經,https://www.cna.com.tw:443/news/afe/202512240299.aspx,Chinese,20251224T113000Z,0.0,0.0,0.0,1.0,0.0,0.0,"['台東卑南規模', '地震保險基金呼籲投保地震險']",", , ","['', '', '', '', '', '', '', '', '', '']",,,,,
698a182a965a6a7ada102663,gdelt,global_news,2026-02-09 17:23:54.080,(earthquake OR flood),utara maghribi dilanda dua gempa bumi lemah ketika berdepan bencana banjir,https://www.astroawani.com/berita-dunia/utara-maghribi-dilanda-dua-gempa-bumi-lemah-ketika-berdepan-bencana-banjir-558720,Malay,20260208T041500Z,0.0,0.0,0.0,1.0,0.0,0.0,"['utara maghribi dilanda', 'berdepan bencana banjir', 'maghribi dilanda dua', 'dilanda dua gempa', 'dua gempa bumi']","utara, maghribi, lemah","['utara', 'maghribi', 'lemah', 'ketika', 'gempa', 'dua', 'dilanda', 'bumi', 'berdepan', 'bencana']",,,,,
698a182a965a6a7ada102664,gdelt,global_news,2026-02-09 17:23:54.081,(earthquake OR flood),戴立忍新片 「 功夫 」 圓武俠夢 體力比柯震東好 娛樂,https://www.cna.com.tw:443/news/amov/202512160227.aspx,Chinese,20251216T091500Z,0.0,0.0,0.0,1.0,0.0,0.0,"['戴立忍新片', '圓武俠夢 體力比柯震東好', '圓武俠夢', '體力比柯震東好']",", , ","['', '', '', '', '', '', '', '', '', '']",,,,,
698a182a965a6a7ada102665,gdelt,global_news,2026-02-09 17:23:54.083,(earthquake OR flood),新竹市民 ： 7 0強震搖晃感跟 921 太像了 消防局籲備妥 「 避難包 」 生活,https://news.ltn.com.tw/news/life/breakingnews/5291751,Chinese,20251227T170000Z,0.0,0.0,0.0,1.0,0.0,0.0,"['太像了 消防局籲備妥', '新竹市民', '強震搖晃感跟', '避難包', '太像了']","921, , ","['921', '', '', '', '', '', '', '', '', '']",,,,,
698a182a965a6a7ada102666,gdelt,global_news,2026-02-09 17:23:54.084,(earthquake OR flood),afmer kuruldu bilimsel afet yönetimi 10 şubatta başlıyor kıbrıs gazetesi kıbrıs haber kktc son dakika gündem haberleri,https://kibrisgazetesi.com/afmer-kuruldu-bilimsel-afet-yonetimi-10-subatta-basliyor/,Turkish,20260123T181500Z,0.0,0.0,0.0,1.0,0.0,0.0,"['afmer kuruldu bilimsel', 'bilimsel afet yönetimi', 'dakika gündem haberleri', 'şubatta başlıyor kıbrıs', 'kuruldu bilimsel afet']","kbrs, afet, afmer","['kbrs', 'afet', 'afmer', 'ubatta', 'son', 'kuruldu', 'kktc', 'haberleri', 'haber', 'gndem']",,,,,
698a271f965a6a7ada1027f1,gdelt,global_news,2026-02-09 18:27:43.123,(earthquake OR flood),台東卑南規模6 1地震 地震保險基金呼籲投保地震險 產經,https://www.cna.com.tw:443/news/afe/202512240299.aspx,Chinese,20251224T113000Z,0.0,0.0,0.0,1.0,0.0,0.0,"['台東卑南規模', '地震保險基金呼籲投保地震險']",", , ","['', '', '', '', '', '', '', '', '', '']",,,,,
698a271f965a6a7ada1027f2,gdelt,global_news,2026-02-09 18:27:43.125,(earthquake OR flood),utara maghribi dilanda dua gempa bumi lemah ketika berdepan bencana banjir,https://www.astroawani.com/berita-dunia/utara-maghribi-dilanda-dua-gempa-bumi-lemah-ketika-berdepan-bencana-banjir-558720,Malay,20260208T041500Z,0.0,0.0,0.0,1.0,0.0,0.0,"['utara maghribi dilanda', 'berdepan bencana banjir', 'maghribi dilanda dua', 'dilanda dua gempa', 'dua gempa bumi']","utara, maghribi, lemah","['utara', 'maghribi', 'lemah', 'ketika', 'gempa', 'dua', 'dilanda', 'bumi', 'berdepan', 'bencana']",,,,,
698a271f965a6a7ada1027f3,gdelt,global_news,2026-02-09 18:27:43.127,(earthquake OR flood),戴立忍新片 「 功夫 」 圓武俠夢 體力比柯震東好 娛樂,https://www.cna.com.tw:443/news/amov/202512160227.aspx,Chinese,20251216T091500Z,0.0,0.0,0.0,1.0,0.0,0.0,"['戴立忍新片', '圓武俠夢 體力比柯震東好', '圓武俠夢', '體力比柯震東好']",", , ","['', '', '', '', '', '', '', '', '', '']",,,,,
698a271f965a6a7ada1027f4,gdelt,global_news,2026-02-09 18:27:43.128,(earthquake OR flood),新竹市民 ： 7 0強震搖晃感跟 921 太像了 消防局籲備妥 「 避難包 」 生活,https://news.ltn.com.tw/news/life/breakingnews/5291751,Chinese,20251227T170000Z,0.0,0.0,0.0,1.0,0.0,0.0,"['太像了 消防局籲備妥', '新竹市民', '強震搖晃感跟', '避難包', '太像了']","921, , ","['921', '', '', '', '', '', '', '', '', '']",,,,,
698a271f965a6a7ada1027f5,gdelt,global_news,2026-02-09 18:27:43.129,(earthquake OR flood),afmer kuruldu bilimsel afet yönetimi 10 şubatta başlıyor kıbrıs gazetesi kıbrıs haber kktc son dakika gündem haberleri,https://kibrisgazetesi.com/afmer-kuruldu-bilimsel-afet-yonetimi-10-subatta-basliyor/,Turkish,20260123T181500Z,0.0,0.0,0.0,1.0,0.0,0.0,"['afmer kuruldu bilimsel', 'bilimsel afet yönetimi', 'dakika gündem haberleri', 'şubatta başlıyor kıbrıs', 'kuruldu bilimsel afet']","kbrs, afet, afmer","['kbrs', 'afet', 'afmer', 'ubatta', 'son', 'kuruldu', 'kktc', 'haberleri', 'haber', 'gndem']",,,,,
698a286c8ed7da4dc73f3de9,gdelt,global_news,2026-02-09 18:33:16.713,(earthquake OR flood),台東卑南規模6 1地震 地震保險基金呼籲投保地震險 產經,https://www.cna.com.tw:443/news/afe/202512240299.aspx,Chinese,20251224T113000Z,0.0,0.0,0.0,1.0,0.0,0.0,"['台東卑南規模', '地震保險基金呼籲投保地震險']",", , ","['', '', '', '', '', '', '', '', '', '']",,,,,
698a286c8ed7da4dc73f3dea,gdelt,global_news,2026-02-09 18:33:16.715,(earthquake OR flood),utara maghribi dilanda dua gempa bumi lemah ketika berdepan bencana banjir,https://www.astroawani.com/berita-dunia/utara-maghribi-dilanda-dua-gempa-bumi-lemah-ketika-berdepan-bencana-banjir-558720,Malay,20260208T041500Z,0.0,0.0,0.0,1.0,0.0,0.0,"['utara maghribi dilanda', 'berdepan bencana banjir', 'maghribi dilanda dua', 'dilanda dua gempa', 'dua gempa bumi']","utara, maghribi, lemah","['utara', 'maghribi', 'lemah', 'ketika', 'gempa', 'dua', 'dilanda', 'bumi', 'berdepan', 'bencana']",,,,,
698a286c8ed7da4dc73f3deb,gdelt,global_news,2026-02-09 18:33:16.716,(earthquake OR flood),戴立忍新片 「 功夫 」 圓武俠夢 體力比柯震東好 娛樂,https://www.cna.com.tw:443/news/amov/202512160227.aspx,Chinese,20251216T091500Z,0.0,0.0,0.0,1.0,0.0,0.0,"['戴立忍新片', '圓武俠夢 體力比柯震東好', '圓武俠夢', '體力比柯震東好']",", , ","['', '', '', '', '', '', '', '', '', '']",,,,,
698a286c8ed7da4dc73f3dec,gdelt,global_news,2026-02-09 18:33:16.716,(earthquake OR flood),新竹市民 ： 7 0強震搖晃感跟 921 太像了 消防局籲備妥 「 避難包 」 生活,https://news.ltn.com.tw/news/life/breakingnews/5291751,Chinese,20251227T170000Z,0.0,0.0,0.0,1.0,0.0,0.0,"['太像了 消防局籲備妥', '新竹市民', '強震搖晃感跟', '避難包', '太像了']","921, , ","['921', '', '', '', '', '', '', '', '', '']",,,,,
698a286c8ed7da4dc73f3ded,gdelt,global_news,2026-02-09 18:33:16.717,(earthquake OR flood),afmer kuruldu bilimsel afet yönetimi 10 şubatta başlıyor kıbrıs gazetesi kıbrıs haber kktc son dakika gündem haberleri,https://kibrisgazetesi.com/afmer-kuruldu-bilimsel-afet-yonetimi-10-subatta-basliyor/,Turkish,20260123T181500Z,0.0,0.0,0.0,1.0,0.0,0.0,"['afmer kuruldu bilimsel', 'bilimsel afet yönetimi', 'dakika gündem haberleri', 'şubatta başlıyor kıbrıs', 'kuruldu bilimsel afet']","kbrs, afet, afmer","['kbrs', 'afet', 'afmer', 'ubatta', 'son', 'kuruldu', 'kktc', 'haberleri', 'haber', 'gndem']",,,,,
698a2874c460a8f52919f971,gdelt,global_news,2026-02-09 18:33:24.680,(earthquake OR flood),台東卑南規模6 1地震 地震保險基金呼籲投保地震險 產經,https://www.cna.com.tw:443/news/afe/202512240299.aspx,Chinese,20251224T113000Z,0.0,0.0,0.0,1.0,0.0,0.0,"['台東卑南規模', '地震保險基金呼籲投保地震險']",", , ","['', '', '', '', '', '', '', '', '', '']",,,,,
698a2874c460a8f52919f972,gdelt,global_news,2026-02-09 18:33:24.682,(earthquake OR flood),utara maghribi dilanda dua gempa bumi lemah ketika berdepan bencana banjir,https://www.astroawani.com/berita-dunia/utara-maghribi-dilanda-dua-gempa-bumi-lemah-ketika-berdepan-bencana-banjir-558720,Malay,20260208T041500Z,0.0,0.0,0.0,1.0,0.0,0.0,"['utara maghribi dilanda', 'berdepan bencana banjir', 'maghribi dilanda dua', 'dilanda dua gempa', 'dua gempa bumi']","utara, maghribi, lemah","['utara', 'maghribi', 'lemah', 'ketika', 'gempa', 'dua', 'dilanda', 'bumi', 'berdepan', 'bencana']",,,,,
698a2874c460a8f52919f973,gdelt,global_news,2026-02-09 18:33:24.683,(earthquake OR flood),戴立忍新片 「 功夫 」 圓武俠夢 體力比柯震東好 娛樂,https://www.cna.com.tw:443/news/amov/202512160227.aspx,Chinese,20251216T091500Z,0.0,0.0,0.0,1.0,0.0,0.0,"['戴立忍新片', '圓武俠夢 體力比柯震東好', '圓武俠夢', '體力比柯震東好']",", , ","['', '', '', '', '', '', '', '', '', '']",,,,,
698a2874c460a8f52919f974,gdelt,global_news,2026-02-09 18:33:24.684,(earthquake OR flood),新竹市民 ： 7 0強震搖晃感跟 921 太像了 消防局籲備妥 「 避難包 」 生活,https://news.ltn.com.tw/news/life/breakingnews/5291751,Chinese,20251227T170000Z,0.0,0.0,0.0,1.0,0.0,0.0,"['太像了 消防局籲備妥', '新竹市民', '強震搖晃感跟', '避難包', '太像了']","921, , ","['921', '', '', '', '', '', '', '', '', '']",,,,,
698a2874c460a8f52919f975,gdelt,global_news,2026-02-09 18:33:24.685,(earthquake OR flood),afmer kuruldu bilimsel afet yönetimi 10 şubatta başlıyor kıbrıs gazetesi kıbrıs haber kktc son dakika gündem haberleri,https://kibrisgazetesi.com/afmer-kuruldu-bilimsel-afet-yonetimi-10-subatta-basliyor/,Turkish,20260123T181500Z,0.0,0.0,0.0,1.0,0.0,0.0,"['afmer kuruldu bilimsel', 'bilimsel afet yönetimi', 'dakika gündem haberleri', 'şubatta başlıyor kıbrıs', 'kuruldu bilimsel afet']","kbrs, afet, afmer","['kbrs', 'afet', 'afmer', 'ubatta', 'son', 'kuruldu', 'kktc', 'haberleri', 'haber', 'gndem']",,,,,
698a2ed2615d1b0936432694,gdelt,global_news,2026-02-09 19:00:34.073,(earthquake OR flood),台東卑南規模6 1地震 地震保險基金呼籲投保地震險 產經,https://www.cna.com.tw:443/news/afe/202512240299.aspx,Chinese,20251224T113000Z,0.0,0.0,0.0,1.0,0.0,0.0,"['台東卑南規模', '地震保險基金呼籲投保地震險']",", , ","['', '', '', '', '', '', '', '', '', '']",,,,,
698a2ed2615d1b0936432695,gdelt,global_news,2026-02-09 19:00:34.074,(earthquake OR flood),utara maghribi dilanda dua gempa bumi lemah ketika berdepan bencana banjir,https://www.astroawani.com/berita-dunia/utara-maghribi-dilanda-dua-gempa-bumi-lemah-ketika-berdepan-bencana-banjir-558720,Malay,20260208T041500Z,0.0,0.0,0.0,1.0,0.0,0.0,"['utara maghribi dilanda', 'berdepan bencana banjir', 'maghribi dilanda dua', 'dilanda dua gempa', 'dua gempa bumi']","utara, maghribi, lemah","['utara', 'maghribi', 'lemah', 'ketika', 'gempa', 'dua', 'dilanda', 'bumi', 'berdepan', 'bencana']",,,,,
698a2ed2615d1b0936432696,gdelt,global_news,2026-02-09 19:00:34.075,(earthquake OR flood),戴立忍新片 「 功夫 」 圓武俠夢 體力比柯震東好 娛樂,https://www.cna.com.tw:443/news/amov/202512160227.aspx,Chinese,20251216T091500Z,0.0,0.0,0.0,1.0,0.0,0.0,"['戴立忍新片', '圓武俠夢 體力比柯震東好', '圓武俠夢', '體力比柯震東好']",", , ","['', '', '', '', '', '', '', '', '', '']",,,,,
698a2ed2615d1b0936432697,gdelt,global_news,2026-02-09 19:00:34.077,(earthquake OR flood),新竹市民 ： 7 0強震搖晃感跟 921 太像了 消防局籲備妥 「 避難包 」 生活,https://news.ltn.com.tw/news/life/breakingnews/5291751,Chinese,20251227T170000Z,0.0,0.0,0.0,1.0,0.0,0.0,"['太像了 消防局籲備妥', '新竹市民', '強震搖晃感跟', '避難包', '太像了']","921, , ","['921', '', '', '', '', '', '', '', '', '']",,,,,
698a2ed2615d1b0936432698,gdelt,global_news,2026-02-09 19:00:34.078,(earthquake OR flood),afmer kuruldu bilimsel afet yönetimi 10 şubatta başlıyor kıbrıs gazetesi kıbrıs haber kktc son dakika gündem haberleri,https://kibrisgazetesi.com/afmer-kuruldu-bilimsel-afet-yonetimi-10-subatta-basliyor/,Turkish,20260123T181500Z,0.0,0.0,0.0,1.0,0.0,0.0,"['afmer kuruldu bilimsel', 'bilimsel afet yönetimi', 'dakika gündem haberleri', 'şubatta başlıyor kıbrıs', 'kuruldu bilimsel afet']","kbrs, afet, afmer","['kbrs', 'afet', 'afmer', 'ubatta', 'son', 'kuruldu', 'kktc', 'haberleri', 'haber', 'gndem']",,,,,
698a36a28ed7da4dc73f3f6e,gdelt,global_news,2026-02-09 19:33:54.008,(earthquake OR flood),台東卑南規模6 1地震 地震保險基金呼籲投保地震險 產經,https://www.cna.com.tw:443/news/afe/202512240299.aspx,Chinese,20251224T113000Z,0.0,0.0,0.0,1.0,0.0,0.0,"['台東卑南規模', '地震保險基金呼籲投保地震險']",", , ","['', '', '', '', '', '', '', '', '', '']",,,,,
698a36a28ed7da4dc73f3f6f,gdelt,global_news,2026-02-09 19:33:54.011,(earthquake OR flood),utara maghribi dilanda dua gempa bumi lemah ketika berdepan bencana banjir,https://www.astroawani.com/berita-dunia/utara-maghribi-dilanda-dua-gempa-bumi-lemah-ketika-berdepan-bencana-banjir-558720,Malay,20260208T041500Z,0.0,0.0,0.0,1.0,0.0,0.0,"['utara maghribi dilanda', 'berdepan bencana banjir', 'maghribi dilanda dua', 'dilanda dua gempa', 'dua gempa bumi']","utara, maghribi, lemah","['utara', 'maghribi', 'lemah', 'ketika', 'gempa', 'dua', 'dilanda', 'bumi', 'berdepan', 'bencana']",,,,,
698a36a28ed7da4dc73f3f70,gdelt,global_news,2026-02-09 19:33:54.014,(earthquake OR flood),戴立忍新片 「 功夫 」 圓武俠夢 體力比柯震東好 娛樂,https://www.cna.com.tw:443/news/amov/202512160227.aspx,Chinese,20251216T091500Z,0.0,0.0,0.0,1.0,0.0,0.0,"['戴立忍新片', '圓武俠夢 體力比柯震東好', '圓武俠夢', '體力比柯震東好']",", , ","['', '', '', '', '', '', '', '', '', '']",,,,,
698a36a28ed7da4dc73f3f71,gdelt,global_news,2026-02-09 19:33:54.016,(earthquake OR flood),新竹市民 ： 7 0強震搖晃感跟 921 太像了 消防局籲備妥 「 避難包 」 生活,https://news.ltn.com.tw/news/life/breakingnews/5291751,Chinese,20251227T170000Z,0.0,0.0,0.0,1.0,0.0,0.0,"['太像了 消防局籲備妥', '新竹市民', '強震搖晃感跟', '避難包', '太像了']","921, , ","['921', '', '', '', '', '', '', '', '', '']",,,,,
698a36a28ed7da4dc73f3f72,gdelt,global_news,2026-02-09 19:33:54.018,(earthquake OR flood),afmer kuruldu bilimsel afet yönetimi 10 şubatta başlıyor kıbrıs gazetesi kıbrıs haber kktc son dakika gündem haberleri,https://kibrisgazetesi.com/afmer-kuruldu-bilimsel-afet-yonetimi-10-subatta-basliyor/,Turkish,20260123T181500Z,0.0,0.0,0.0,1.0,0.0,0.0,"['afmer kuruldu bilimsel', 'bilimsel afet yönetimi', 'dakika gündem haberleri', 'şubatta başlıyor kıbrıs', 'kuruldu bilimsel afet']","kbrs, afet, afmer","['kbrs', 'afet', 'afmer', 'ubatta', 'son', 'kuruldu', 'kktc', 'haberleri', 'haber', 'gndem']",,,,,
698a36cfc460a8f52919fb04,gdelt,global_news,2026-02-09 19:34:39.528,(earthquake OR flood),台東卑南規模6 1地震 地震保險基金呼籲投保地震險 產經,https://www.cna.com.tw:443/news/afe/202512240299.aspx,Chinese,20251224T113000Z,0.0,0.0,0.0,1.0,0.0,0.0,"['台東卑南規模', '地震保險基金呼籲投保地震險']",", , ","['', '', '', '', '', '', '', '', '', '']",,,,,
698a36cfc460a8f52919fb05,gdelt,global_news,2026-02-09 19:34:39.534,(earthquake OR flood),utara maghribi dilanda dua gempa bumi lemah ketika berdepan bencana banjir,https://www.astroawani.com/berita-dunia/utara-maghribi-dilanda-dua-gempa-bumi-lemah-ketika-berdepan-bencana-banjir-558720,Malay,20260208T041500Z,0.0,0.0,0.0,1.0,0.0,0.0,"['utara maghribi dilanda', 'berdepan bencana banjir', 'maghribi dilanda dua', 'dilanda dua gempa', 'dua gempa bumi']","utara, maghribi, lemah","['utara', 'maghribi', 'lemah', 'ketika', 'gempa', 'dua', 'dilanda', 'bumi', 'berdepan', 'bencana']",,,,,
698a36cfc460a8f52919fb06,gdelt,global_news,2026-02-09 19:34:39.536,(earthquake OR flood),戴立忍新片 「 功夫 」 圓武俠夢 體力比柯震東好 娛樂,https://www.cna.com.tw:443/news/amov/202512160227.aspx,Chinese,20251216T091500Z,0.0,0.0,0.0,1.0,0.0,0.0,"['戴立忍新片', '圓武俠夢 體力比柯震東好', '圓武俠夢', '體力比柯震東好']",", , ","['', '', '', '', '', '', '', '', '', '']",,,,,
698a36cfc460a8f52919fb07,gdelt,global_news,2026-02-09 19:34:39.539,(earthquake OR flood),新竹市民 ： 7 0強震搖晃感跟 921 太像了 消防局籲備妥 「 避難包 」 生活,https://news.ltn.com.tw/news/life/breakingnews/5291751,Chinese,20251227T170000Z,0.0,0.0,0.0,1.0,0.0,0.0,"['太像了 消防局籲備妥', '新竹市民', '強震搖晃感跟', '避難包', '太像了']","921, , ","['921', '', '', '', '', '', '', '', '', '']",,,,,
698a36cfc460a8f52919fb08,gdelt,global_news,2026-02-09 19:34:39.540,(earthquake OR flood),afmer kuruldu bilimsel afet yönetimi 10 şubatta başlıyor kıbrıs gazetesi kıbrıs haber kktc son dakika gündem haberleri,https://kibrisgazetesi.com/afmer-kuruldu-bilimsel-afet-yonetimi-10-subatta-basliyor/,Turkish,20260123T181500Z,0.0,0.0,0.0,1.0,0.0,0.0,"['afmer kuruldu bilimsel', 'bilimsel afet yönetimi', 'dakika gündem haberleri', 'şubatta başlıyor kıbrıs', 'kuruldu bilimsel afet']","kbrs, afet, afmer","['kbrs', 'afet', 'afmer', 'ubatta', 'son', 'kuruldu', 'kktc', 'haberleri', 'haber', 'gndem']",,,,,
698a97758aa2943e12b16d30,gdelt,global_news,2026-02-10 02:27:01.182,(earthquake OR flood),台東卑南規模6 1地震 地震保險基金呼籲投保地震險 產經,https://www.cna.com.tw:443/news/afe/202512240299.aspx,Chinese,20251224T113000Z,0.0,0.0,0.0,1.0,0.0,0.0,"['台東卑南規模', '地震保險基金呼籲投保地震險']",", , ","['', '', '', '', '', '', '', '', '', '']",,,,,
698a97758aa2943e12b16d31,gdelt,global_news,2026-02-10 02:27:01.184,(earthquake OR flood),戴立忍新片 「 功夫 」 圓武俠夢 體力比柯震東好 娛樂,https://www.cna.com.tw:443/news/amov/202512160227.aspx,Chinese,20251216T091500Z,0.0,0.0,0.0,1.0,0.0,0.0,"['戴立忍新片', '圓武俠夢 體力比柯震東好', '圓武俠夢', '體力比柯震東好']",", , ","['', '', '', '', '', '', '', '', '', '']",,,,,
698a97758aa2943e12b16d32,gdelt,global_news,2026-02-10 02:27:01.185,(earthquake OR flood),新竹市民 ： 7 0強震搖晃感跟 921 太像了 消防局籲備妥 「 避難包 」 生活,https://news.ltn.com.tw/news/life/breakingnews/5291751,Chinese,20251227T170000Z,0.0,0.0,0.0,1.0,0.0,0.0,"['太像了 消防局籲備妥', '新竹市民', '強震搖晃感跟', '避難包', '太像了']","921, , ","['921', '', '', '', '', '', '', '', '', '']",,,,,
698a97758aa2943e12b16d33,gdelt,global_news,2026-02-10 02:27:01.186,(earthquake OR flood),afmer kuruldu bilimsel afet yönetimi 10 şubatta başlıyor kıbrıs gazetesi kıbrıs haber kktc son dakika gündem haberleri,https://kibrisgazetesi.com/afmer-kuruldu-bilimsel-afet-yonetimi-10-subatta-basliyor/,Turkish,20260123T181500Z,0.0,0.0,0.0,1.0,0.0,0.0,"['afmer kuruldu bilimsel', 'bilimsel afet yönetimi', 'dakika gündem haberleri', 'şubatta başlıyor kıbrıs', 'kuruldu bilimsel afet']","kbrs, afet, afmer","['kbrs', 'afet', 'afmer', 'ubatta', 'son', 'kuruldu', 'kktc', 'haberleri', 'haber', 'gndem']",,,,,
698a97758aa2943e12b16d34,gdelt,global_news,2026-02-10 02:27:01.187,(earthquake OR flood),落石如籃球大 雲林草嶺149乙線建明隧道拚4月底前完工 生活,https://news.ltn.com.tw/news/life/breakingnews/5326236,Chinese,20260129T074500Z,0.0,0.0,0.0,1.0,0.0,0.0,"['落石如籃球大 雲林草嶺', '乙線建明隧道拚', '落石如籃球大', '雲林草嶺', '月底前完工']","1494, , ","['1494', '', '', '', '', '', '', '', '', '']",,,,,
698a9e4e8ed7da4dc73f410d,gdelt,global_news,2026-02-10 02:56:14.000,(earthquake OR flood),utara maghribi dilanda dua gempa bumi lemah ketika berdepan bencana banjir,https://www.astroawani.com/berita-dunia/utara-maghribi-dilanda-dua-gempa-bumi-lemah-ketika-berdepan-bencana-banjir-558720,Malay,20260208T041500Z,0.0,0.0,0.0,1.0,0.0,0.0,"['utara maghribi dilanda', 'berdepan bencana banjir', 'maghribi dilanda dua', 'dilanda dua gempa', 'dua gempa bumi']","utara, maghribi, lemah","['utara', 'maghribi', 'lemah', 'ketika', 'gempa', 'dua', 'dilanda', 'bumi', 'berdepan', 'bencana']",,,,,
698a9e4e8ed7da4dc73f410e,gdelt,global_news,2026-02-10 02:56:14.004,(earthquake OR flood),台東卑南規模6 1地震 地震保險基金呼籲投保地震險 產經,https://www.cna.com.tw:443/news/afe/202512240299.aspx,Chinese,20251224T113000Z,0.0,0.0,0.0,1.0,0.0,0.0,"['台東卑南規模', '地震保險基金呼籲投保地震險']",", , ","['', '', '', '', '', '', '', '', '', '']",,,,,
698a9e4e8ed7da4dc73f410f,gdelt,global_news,2026-02-10 02:56:14.006,(earthquake OR flood),戴立忍新片 「 功夫 」 圓武俠夢 體力比柯震東好 娛樂,https://www.cna.com.tw:443/news/amov/202512160227.aspx,Chinese,20251216T091500Z,0.0,0.0,0.0,1.0,0.0,0.0,"['戴立忍新片', '圓武俠夢 體力比柯震東好', '圓武俠夢', '體力比柯震東好']",", , ","['', '', '', '', '', '', '', '', '', '']",,,,,
698a9e4e8ed7da4dc73f4110,gdelt,global_news,2026-02-10 02:56:14.007,(earthquake OR flood),新竹市民 ： 7 0強震搖晃感跟 921 太像了 消防局籲備妥 「 避難包 」 生活,https://news.ltn.com.tw/news/life/breakingnews/5291751,Chinese,20251227T170000Z,0.0,0.0,0.0,1.0,0.0,0.0,"['太像了 消防局籲備妥', '新竹市民', '強震搖晃感跟', '避難包', '太像了']","921, , ","['921', '', '', '', '', '', '', '', '', '']",,,,,
698a9e4e8ed7da4dc73f4111,gdelt,global_news,2026-02-10 02:56:14.009,(earthquake OR flood),afmer kuruldu bilimsel afet yönetimi 10 şubatta başlıyor kıbrıs gazetesi kıbrıs haber kktc son dakika gündem haberleri,https://kibrisgazetesi.com/afmer-kuruldu-bilimsel-afet-yonetimi-10-subatta-basliyor/,Turkish,20260123T181500Z,0.0,0.0,0.0,1.0,0.0,0.0,"['afmer kuruldu bilimsel', 'bilimsel afet yönetimi', 'dakika gündem haberleri', 'şubatta başlıyor kıbrıs', 'kuruldu bilimsel afet']","kbrs, afet, afmer","['kbrs', 'afet', 'afmer', 'ubatta', 'son', 'kuruldu', 'kktc', 'haberleri', 'haber', 'gndem']",,,,,
698aca59965a6a7ada102c41,gdelt,global_news,2026-02-10 06:04:09.207,(earthquake OR flood),utara maghribi dilanda dua gempa bumi lemah ketika berdepan bencana banjir,https://www.astroawani.com/berita-dunia/utara-maghribi-dilanda-dua-gempa-bumi-lemah-ketika-berdepan-bencana-banjir-558720,Malay,20260208T041500Z,0.0,0.0,0.0,1.0,0.0,0.0,"['utara maghribi dilanda', 'berdepan bencana banjir', 'maghribi dilanda dua', 'dilanda dua gempa', 'dua gempa bumi']","utara, maghribi, lemah","['utara', 'maghribi', 'lemah', 'ketika', 'gempa', 'dua', 'dilanda', 'bumi', 'berdepan', 'bencana']",,,,,
698aca59965a6a7ada102c42,gdelt,global_news,2026-02-10 06:04:09.215,(earthquake OR flood),台東卑南規模6 1地震 地震保險基金呼籲投保地震險 產經,https://www.cna.com.tw:443/news/afe/202512240299.aspx,Chinese,20251224T113000Z,0.0,0.0,0.0,1.0,0.0,0.0,"['台東卑南規模', '地震保險基金呼籲投保地震險']",", , ","['', '', '', '', '', '', '', '', '', '']",,,,,
698aca59965a6a7ada102c43,gdelt,global_news,2026-02-10 06:04:09.218,(earthquake OR flood),戴立忍新片 「 功夫 」 圓武俠夢 體力比柯震東好 娛樂,https://www.cna.com.tw:443/news/amov/202512160227.aspx,Chinese,20251216T091500Z,0.0,0.0,0.0,1.0,0.0,0.0,"['戴立忍新片', '圓武俠夢 體力比柯震東好', '圓武俠夢', '體力比柯震東好']",", , ","['', '', '', '', '', '', '', '', '', '']",,,,,
698aca59965a6a7ada102c44,gdelt,global_news,2026-02-10 06:04:09.222,(earthquake OR flood),新竹市民 ： 7 0強震搖晃感跟 921 太像了 消防局籲備妥 「 避難包 」 生活,https://news.ltn.com.tw/news/life/breakingnews/5291751,Chinese,20251227T170000Z,0.0,0.0,0.0,1.0,0.0,0.0,"['太像了 消防局籲備妥', '新竹市民', '強震搖晃感跟', '避難包', '太像了']","921, , ","['921', '', '', '', '', '', '', '', '', '']",,,,,
698aca59965a6a7ada102c45,gdelt,global_news,2026-02-10 06:04:09.230,(earthquake OR flood),afmer kuruldu bilimsel afet yönetimi 10 şubatta başlıyor kıbrıs gazetesi kıbrıs haber kktc son dakika gündem haberleri,https://kibrisgazetesi.com/afmer-kuruldu-bilimsel-afet-yonetimi-10-subatta-basliyor/,Turkish,20260123T181500Z,0.0,0.0,0.0,1.0,0.0,0.0,"['afmer kuruldu bilimsel', 'bilimsel afet yönetimi', 'dakika gündem haberleri', 'şubatta başlıyor kıbrıs', 'kuruldu bilimsel afet']","kbrs, afet, afmer","['kbrs', 'afet', 'afmer', 'ubatta', 'son', 'kuruldu', 'kktc', 'haberleri', 'haber', 'gndem']",,,,,
698acb4e8ed7da4dc73f42b7,gdelt,global_news,2026-02-10 06:08:14.125,(earthquake OR flood),utara maghribi dilanda dua gempa bumi lemah ketika berdepan bencana banjir,https://www.astroawani.com/berita-dunia/utara-maghribi-dilanda-dua-gempa-bumi-lemah-ketika-berdepan-bencana-banjir-558720,Malay,20260208T041500Z,0.0,0.0,0.0,1.0,0.0,0.0,"['utara maghribi dilanda', 'berdepan bencana banjir', 'maghribi dilanda dua', 'dilanda dua gempa', 'dua gempa bumi']","utara, maghribi, lemah","['utara', 'maghribi', 'lemah', 'ketika', 'gempa', 'dua', 'dilanda', 'bumi', 'berdepan', 'bencana']",,,,,
698acb4e8ed7da4dc73f42b8,gdelt,global_news,2026-02-10 06:08:14.130,(earthquake OR flood),台東卑南規模6 1地震 地震保險基金呼籲投保地震險 產經,https://www.cna.com.tw:443/news/afe/202512240299.aspx,Chinese,20251224T113000Z,0.0,0.0,0.0,1.0,0.0,0.0,"['台東卑南規模', '地震保險基金呼籲投保地震險']",", , ","['', '', '', '', '', '', '', '', '', '']",,,,,
698acb4e8ed7da4dc73f42b9,gdelt,global_news,2026-02-10 06:08:14.133,(earthquake OR flood),戴立忍新片 「 功夫 」 圓武俠夢 體力比柯震東好 娛樂,https://www.cna.com.tw:443/news/amov/202512160227.aspx,Chinese,20251216T091500Z,0.0,0.0,0.0,1.0,0.0,0.0,"['戴立忍新片', '圓武俠夢 體力比柯震東好', '圓武俠夢', '體力比柯震東好']",", , ","['', '', '', '', '', '', '', '', '', '']",,,,,
698acb4e8ed7da4dc73f42ba,gdelt,global_news,2026-02-10 06:08:14.137,(earthquake OR flood),新竹市民 ： 7 0強震搖晃感跟 921 太像了 消防局籲備妥 「 避難包 」 生活,https://news.ltn.com.tw/news/life/breakingnews/5291751,Chinese,20251227T170000Z,0.0,0.0,0.0,1.0,0.0,0.0,"['太像了 消防局籲備妥', '新竹市民', '強震搖晃感跟', '避難包', '太像了']","921, , ","['921', '', '', '', '', '', '', '', '', '']",,,,,
698acb4e8ed7da4dc73f42bb,gdelt,global_news,2026-02-10 06:08:14.141,(earthquake OR flood),afmer kuruldu bilimsel afet yönetimi 10 şubatta başlıyor kıbrıs gazetesi kıbrıs haber kktc son dakika gündem haberleri,https://kibrisgazetesi.com/afmer-kuruldu-bilimsel-afet-yonetimi-10-subatta-basliyor/,Turkish,20260123T181500Z,0.0,0.0,0.0,1.0,0.0,0.0,"['afmer kuruldu bilimsel', 'bilimsel afet yönetimi', 'dakika gündem haberleri', 'şubatta başlıyor kıbrıs', 'kuruldu bilimsel afet']","kbrs, afet, afmer","['kbrs', 'afet', 'afmer', 'ubatta', 'son', 'kuruldu', 'kktc', 'haberleri', 'haber', 'gndem']",,,,,
698acc6ac460a8f52919fe3b,gdelt,global_news,2026-02-10 06:12:58.250,(earthquake OR flood),utara maghribi dilanda dua gempa bumi lemah ketika berdepan bencana banjir,https://www.astroawani.com/berita-dunia/utara-maghribi-dilanda-dua-gempa-bumi-lemah-ketika-berdepan-bencana-banjir-558720,Malay,20260208T041500Z,0.0,0.0,0.0,1.0,0.0,0.0,"['utara maghribi dilanda', 'berdepan bencana banjir', 'maghribi dilanda dua', 'dilanda dua gempa', 'dua gempa bumi']","utara, maghribi, lemah","['utara', 'maghribi', 'lemah', 'ketika', 'gempa', 'dua', 'dilanda', 'bumi', 'berdepan', 'bencana']",,,,,
698acc6ac460a8f52919fe3c,gdelt,global_news,2026-02-10 06:12:58.258,(earthquake OR flood),台東卑南規模6 1地震 地震保險基金呼籲投保地震險 產經,https://www.cna.com.tw:443/news/afe/202512240299.aspx,Chinese,20251224T113000Z,0.0,0.0,0.0,1.0,0.0,0.0,"['台東卑南規模', '地震保險基金呼籲投保地震險']",", , ","['', '', '', '', '', '', '', '', '', '']",,,,,
698acc6ac460a8f52919fe3d,gdelt,global_news,2026-02-10 06:12:58.262,(earthquake OR flood),戴立忍新片 「 功夫 」 圓武俠夢 體力比柯震東好 娛樂,https://www.cna.com.tw:443/news/amov/202512160227.aspx,Chinese,20251216T091500Z,0.0,0.0,0.0,1.0,0.0,0.0,"['戴立忍新片', '圓武俠夢 體力比柯震東好', '圓武俠夢', '體力比柯震東好']",", , ","['', '', '', '', '', '', '', '', '', '']",,,,,
698acc6ac460a8f52919fe3e,gdelt,global_news,2026-02-10 06:12:58.267,(earthquake OR flood),新竹市民 ： 7 0強震搖晃感跟 921 太像了 消防局籲備妥 「 避難包 」 生活,https://news.ltn.com.tw/news/life/breakingnews/5291751,Chinese,20251227T170000Z,0.0,0.0,0.0,1.0,0.0,0.0,"['太像了 消防局籲備妥', '新竹市民', '強震搖晃感跟', '避難包', '太像了']","921, , ","['921', '', '', '', '', '', '', '', '', '']",,,,,
698acc6ac460a8f52919fe3f,gdelt,global_news,2026-02-10 06:12:58.272,(earthquake OR flood),afmer kuruldu bilimsel afet yönetimi 10 şubatta başlıyor kıbrıs gazetesi kıbrıs haber kktc son dakika gündem haberleri,https://kibrisgazetesi.com/afmer-kuruldu-bilimsel-afet-yonetimi-10-subatta-basliyor/,Turkish,20260123T181500Z,0.0,0.0,0.0,1.0,0.0,0.0,"['afmer kuruldu bilimsel', 'bilimsel afet yönetimi', 'dakika gündem haberleri', 'şubatta başlıyor kıbrıs', 'kuruldu bilimsel afet']","kbrs, afet, afmer","['kbrs', 'afet', 'afmer', 'ubatta', 'son', 'kuruldu', 'kktc', 'haberleri', 'haber', 'gndem']",,,,,
698af968965a6a7ada102ddb,gdelt,global_news,2026-02-10 09:24:56.991,(earthquake OR flood),utara maghribi dilanda dua gempa bumi lemah ketika berdepan bencana banjir,https://www.astroawani.com/berita-dunia/utara-maghribi-dilanda-dua-gempa-bumi-lemah-ketika-berdepan-bencana-banjir-558720,Malay,20260208T041500Z,0.0,0.0,0.0,1.0,0.0,0.0,"['utara maghribi dilanda', 'berdepan bencana banjir', 'maghribi dilanda dua', 'dilanda dua gempa', 'dua gempa bumi']","utara, maghribi, lemah","['utara', 'maghribi', 'lemah', 'ketika', 'gempa', 'dua', 'dilanda', 'bumi', 'berdepan', 'bencana']",,,,,
698af969965a6a7ada102ddc,gdelt,global_news,2026-02-10 09:24:57.001,(earthquake OR flood),台東卑南規模6 1地震 地震保險基金呼籲投保地震險 產經,https://www.cna.com.tw:443/news/afe/202512240299.aspx,Chinese,20251224T113000Z,0.0,0.0,0.0,1.0,0.0,0.0,"['台東卑南規模', '地震保險基金呼籲投保地震險']",", , ","['', '', '', '', '', '', '', '', '', '']",,,,,
698af969965a6a7ada102ddd,gdelt,global_news,2026-02-10 09:24:57.005,(earthquake OR flood),戴立忍新片 「 功夫 」 圓武俠夢 體力比柯震東好 娛樂,https://www.cna.com.tw:443/news/amov/202512160227.aspx,Chinese,20251216T091500Z,0.0,0.0,0.0,1.0,0.0,0.0,"['戴立忍新片', '圓武俠夢 體力比柯震東好', '圓武俠夢', '體力比柯震東好']",", , ","['', '', '', '', '', '', '', '', '', '']",,,,,
698af969965a6a7ada102dde,gdelt,global_news,2026-02-10 09:24:57.011,(earthquake OR flood),新竹市民 ： 7 0強震搖晃感跟 921 太像了 消防局籲備妥 「 避難包 」 生活,https://news.ltn.com.tw/news/life/breakingnews/5291751,Chinese,20251227T170000Z,0.0,0.0,0.0,1.0,0.0,0.0,"['太像了 消防局籲備妥', '新竹市民', '強震搖晃感跟', '避難包', '太像了']","921, , ","['921', '', '', '', '', '', '', '', '', '']",,,,,
698af969965a6a7ada102ddf,gdelt,global_news,2026-02-10 09:24:57.015,(earthquake OR flood),afmer kuruldu bilimsel afet yönetimi 10 şubatta başlıyor kıbrıs gazetesi kıbrıs haber kktc son dakika gündem haberleri,https://kibrisgazetesi.com/afmer-kuruldu-bilimsel-afet-yonetimi-10-subatta-basliyor/,Turkish,20260123T181500Z,0.0,0.0,0.0,1.0,0.0,0.0,"['afmer kuruldu bilimsel', 'bilimsel afet yönetimi', 'dakika gündem haberleri', 'şubatta başlıyor kıbrıs', 'kuruldu bilimsel afet']","kbrs, afet, afmer","['kbrs', 'afet', 'afmer', 'ubatta', 'son', 'kuruldu', 'kktc', 'haberleri', 'haber', 'gndem']",,,,,
698afdcefdd64bd0a77de3c9,gdelt,global_news,2026-02-10 09:43:42.773,(earthquake OR flood),utara maghribi dilanda dua gempa bumi lemah ketika berdepan bencana banjir,https://www.astroawani.com/berita-dunia/utara-maghribi-dilanda-dua-gempa-bumi-lemah-ketika-berdepan-bencana-banjir-558720,Malay,20260208T041500Z,0.0,0.0,0.0,1.0,0.0,0.0,"['utara maghribi dilanda', 'berdepan bencana banjir', 'maghribi dilanda dua', 'dilanda dua gempa', 'dua gempa bumi']","utara, maghribi, lemah","['utara', 'maghribi', 'lemah', 'ketika', 'gempa', 'dua', 'dilanda', 'bumi', 'berdepan', 'bencana']",,,,,
698afdcefdd64bd0a77de3ca,gdelt,global_news,2026-02-10 09:43:42.783,(earthquake OR flood),台東卑南規模6 1地震 地震保險基金呼籲投保地震險 產經,https://www.cna.com.tw:443/news/afe/202512240299.aspx,Chinese,20251224T113000Z,0.0,0.0,0.0,1.0,0.0,0.0,"['台東卑南規模', '地震保險基金呼籲投保地震險']",", , ","['', '', '', '', '', '', '', '', '', '']",,,,,
698afdcefdd64bd0a77de3cb,gdelt,global_news,2026-02-10 09:43:42.786,(earthquake OR flood),戴立忍新片 「 功夫 」 圓武俠夢 體力比柯震東好 娛樂,https://www.cna.com.tw:443/news/amov/202512160227.aspx,Chinese,20251216T091500Z,0.0,0.0,0.0,1.0,0.0,0.0,"['戴立忍新片', '圓武俠夢 體力比柯震東好', '圓武俠夢', '體力比柯震東好']",", , ","['', '', '', '', '', '', '', '', '', '']",,,,,
698afdcefdd64bd0a77de3cc,gdelt,global_news,2026-02-10 09:43:42.789,(earthquake OR flood),新竹市民 ： 7 0強震搖晃感跟 921 太像了 消防局籲備妥 「 避難包 」 生活,https://news.ltn.com.tw/news/life/breakingnews/5291751,Chinese,20251227T170000Z,0.0,0.0,0.0,1.0,0.0,0.0,"['太像了 消防局籲備妥', '新竹市民', '強震搖晃感跟', '避難包', '太像了']","921, , ","['921', '', '', '', '', '', '', '', '', '']",,,,,
698afdcefdd64bd0a77de3cd,gdelt,global_news,2026-02-10 09:43:42.794,(earthquake OR flood),afmer kuruldu bilimsel afet yönetimi 10 şubatta başlıyor kıbrıs gazetesi kıbrıs haber kktc son dakika gündem haberleri,https://kibrisgazetesi.com/afmer-kuruldu-bilimsel-afet-yonetimi-10-subatta-basliyor/,Turkish,20260123T181500Z,0.0,0.0,0.0,1.0,0.0,0.0,"['afmer kuruldu bilimsel', 'bilimsel afet yönetimi', 'dakika gündem haberleri', 'şubatta başlıyor kıbrıs', 'kuruldu bilimsel afet']","kbrs, afet, afmer","['kbrs', 'afet', 'afmer', 'ubatta', 'son', 'kuruldu', 'kktc', 'haberleri', 'haber', 'gndem']",,,,,
698b00b1fea988b904efe7d5,gdelt,global_news,2026-02-10 09:56:01.153,(earthquake OR flood),utara maghribi dilanda dua gempa bumi lemah ketika berdepan bencana banjir,https://www.astroawani.com/berita-dunia/utara-maghribi-dilanda-dua-gempa-bumi-lemah-ketika-berdepan-bencana-banjir-558720,Malay,20260208T041500Z,0.0,0.0,0.0,1.0,0.0,0.0,"['utara maghribi dilanda', 'berdepan bencana banjir', 'maghribi dilanda dua', 'dilanda dua gempa', 'dua gempa bumi']","utara, maghribi, lemah","['utara', 'maghribi', 'lemah', 'ketika', 'gempa', 'dua', 'dilanda', 'bumi', 'berdepan', 'bencana']",,,,,
698b00b1fea988b904efe7d6,gdelt,global_news,2026-02-10 09:56:01.155,(earthquake OR flood),台東卑南規模6 1地震 地震保險基金呼籲投保地震險 產經,https://www.cna.com.tw:443/news/afe/202512240299.aspx,Chinese,20251224T113000Z,0.0,0.0,0.0,1.0,0.0,0.0,"['台東卑南規模', '地震保險基金呼籲投保地震險']",", , ","['', '', '', '', '', '', '', '', '', '']",,,,,
698b00b1fea988b904efe7d7,gdelt,global_news,2026-02-10 09:56:01.157,(earthquake OR flood),戴立忍新片 「 功夫 」 圓武俠夢 體力比柯震東好 娛樂,https://www.cna.com.tw:443/news/amov/202512160227.aspx,Chinese,20251216T091500Z,0.0,0.0,0.0,1.0,0.0,0.0,"['戴立忍新片', '圓武俠夢 體力比柯震東好', '圓武俠夢', '體力比柯震東好']",", , ","['', '', '', '', '', '', '', '', '', '']",,,,,
698b00b1fea988b904efe7d8,gdelt,global_news,2026-02-10 09:56:01.158,(earthquake OR flood),新竹市民 ： 7 0強震搖晃感跟 921 太像了 消防局籲備妥 「 避難包 」 生活,https://news.ltn.com.tw/news/life/breakingnews/5291751,Chinese,20251227T170000Z,0.0,0.0,0.0,1.0,0.0,0.0,"['太像了 消防局籲備妥', '新竹市民', '強震搖晃感跟', '避難包', '太像了']","921, , ","['921', '', '', '', '', '', '', '', '', '']",,,,,
698b00b1fea988b904efe7d9,gdelt,global_news,2026-02-10 09:56:01.159,(earthquake OR flood),afmer kuruldu bilimsel afet yönetimi 10 şubatta başlıyor kıbrıs gazetesi kıbrıs haber kktc son dakika gündem haberleri,https://kibrisgazetesi.com/afmer-kuruldu-bilimsel-afet-yonetimi-10-subatta-basliyor/,Turkish,20260123T181500Z,0.0,0.0,0.0,1.0,0.0,0.0,"['afmer kuruldu bilimsel', 'bilimsel afet yönetimi', 'dakika gündem haberleri', 'şubatta başlıyor kıbrıs', 'kuruldu bilimsel afet']","kbrs, afet, afmer","['kbrs', 'afet', 'afmer', 'ubatta', 'son', 'kuruldu', 'kktc', 'haberleri', 'haber', 'gndem']",,,,,
698b6080996b265e7f14d116,gdelt,global_news,2026-02-10 16:44:48.481,(earthquake OR flood),utara maghribi dilanda dua gempa bumi lemah ketika berdepan bencana banjir,https://www.astroawani.com/berita-dunia/utara-maghribi-dilanda-dua-gempa-bumi-lemah-ketika-berdepan-bencana-banjir-558720,Malay,20260208T041500Z,0.0,0.0,0.0,1.0,0.0,0.0,"['utara maghribi dilanda', 'berdepan bencana banjir', 'maghribi dilanda dua', 'dilanda dua gempa', 'dua gempa bumi']","utara, maghribi, lemah","['utara', 'maghribi', 'lemah', 'ketika', 'gempa', 'dua', 'dilanda', 'bumi', 'berdepan', 'bencana']",,,,,
698b6080996b265e7f14d117,gdelt,global_news,2026-02-10 16:44:48.493,(earthquake OR flood),台東卑南規模6 1地震 地震保險基金呼籲投保地震險 產經,https://www.cna.com.tw:443/news/afe/202512240299.aspx,Chinese,20251224T113000Z,0.0,0.0,0.0,1.0,0.0,0.0,"['台東卑南規模', '地震保險基金呼籲投保地震險']",", , ","['', '', '', '', '', '', '', '', '', '']",,,,,
698b6080996b265e7f14d118,gdelt,global_news,2026-02-10 16:44:48.494,(earthquake OR flood),戴立忍新片 「 功夫 」 圓武俠夢 體力比柯震東好 娛樂,https://www.cna.com.tw:443/news/amov/202512160227.aspx,Chinese,20251216T091500Z,0.0,0.0,0.0,1.0,0.0,0.0,"['戴立忍新片', '圓武俠夢 體力比柯震東好', '圓武俠夢', '體力比柯震東好']",", , ","['', '', '', '', '', '', '', '', '', '']",,,,,
698b6080996b265e7f14d119,gdelt,global_news,2026-02-10 16:44:48.495,(earthquake OR flood),新竹市民 ： 7 0強震搖晃感跟 921 太像了 消防局籲備妥 「 避難包 」 生活,https://news.ltn.com.tw/news/life/breakingnews/5291751,Chinese,20251227T170000Z,0.0,0.0,0.0,1.0,0.0,0.0,"['太像了 消防局籲備妥', '新竹市民', '強震搖晃感跟', '避難包', '太像了']","921, , ","['921', '', '', '', '', '', '', '', '', '']",,,,,
698b6080996b265e7f14d11a,gdelt,global_news,2026-02-10 16:44:48.496,(earthquake OR flood),afmer kuruldu bilimsel afet yönetimi 10 şubatta başlıyor kıbrıs gazetesi kıbrıs haber kktc son dakika gündem haberleri,https://kibrisgazetesi.com/afmer-kuruldu-bilimsel-afet-yonetimi-10-subatta-basliyor/,Turkish,20260123T181500Z,0.0,0.0,0.0,1.0,0.0,0.0,"['afmer kuruldu bilimsel', 'bilimsel afet yönetimi', 'dakika gündem haberleri', 'şubatta başlıyor kıbrıs', 'kuruldu bilimsel afet']","kbrs, afet, afmer","['kbrs', 'afet', 'afmer', 'ubatta', 'son', 'kuruldu', 'kktc', 'haberleri', 'haber', 'gndem']",,,,,
698b61dcbe736d8c2d30d65c,gdelt,global_news,2026-02-10 16:50:36.456,(earthquake OR flood),utara maghribi dilanda dua gempa bumi lemah ketika berdepan bencana banjir,https://www.astroawani.com/berita-dunia/utara-maghribi-dilanda-dua-gempa-bumi-lemah-ketika-berdepan-bencana-banjir-558720,Malay,20260208T041500Z,0.0,0.0,0.0,1.0,0.0,0.0,"['utara maghribi dilanda', 'berdepan bencana banjir', 'maghribi dilanda dua', 'dilanda dua gempa', 'dua gempa bumi']","utara, maghribi, lemah","['utara', 'maghribi', 'lemah', 'ketika', 'gempa', 'dua', 'dilanda', 'bumi', 'berdepan', 'bencana']",,,,,
698b61dcbe736d8c2d30d65d,gdelt,global_news,2026-02-10 16:50:36.458,(earthquake OR flood),台東卑南規模6 1地震 地震保險基金呼籲投保地震險 產經,https://www.cna.com.tw:443/news/afe/202512240299.aspx,Chinese,20251224T113000Z,0.0,0.0,0.0,1.0,0.0,0.0,"['台東卑南規模', '地震保險基金呼籲投保地震險']",", , ","['', '', '', '', '', '', '', '', '', '']",,,,,
698b61dcbe736d8c2d30d65e,gdelt,global_news,2026-02-10 16:50:36.459,(earthquake OR flood),戴立忍新片 「 功夫 」 圓武俠夢 體力比柯震東好 娛樂,https://www.cna.com.tw:443/news/amov/202512160227.aspx,Chinese,20251216T091500Z,0.0,0.0,0.0,1.0,0.0,0.0,"['戴立忍新片', '圓武俠夢 體力比柯震東好', '圓武俠夢', '體力比柯震東好']",", , ","['', '', '', '', '', '', '', '', '', '']",,,,,
698b61dcbe736d8c2d30d65f,gdelt,global_news,2026-02-10 16:50:36.459,(earthquake OR flood),新竹市民 ： 7 0強震搖晃感跟 921 太像了 消防局籲備妥 「 避難包 」 生活,https://news.ltn.com.tw/news/life/breakingnews/5291751,Chinese,20251227T170000Z,0.0,0.0,0.0,1.0,0.0,0.0,"['太像了 消防局籲備妥', '新竹市民', '強震搖晃感跟', '避難包', '太像了']","921, , ","['921', '', '', '', '', '', '', '', '', '']",,,,,
698b61dcbe736d8c2d30d660,gdelt,global_news,2026-02-10 16:50:36.460,(earthquake OR flood),afmer kuruldu bilimsel afet yönetimi 10 şubatta başlıyor kıbrıs gazetesi kıbrıs haber kktc son dakika gündem haberleri,https://kibrisgazetesi.com/afmer-kuruldu-bilimsel-afet-yonetimi-10-subatta-basliyor/,Turkish,20260123T181500Z,0.0,0.0,0.0,1.0,0.0,0.0,"['afmer kuruldu bilimsel', 'bilimsel afet yönetimi', 'dakika gündem haberleri', 'şubatta başlıyor kıbrıs', 'kuruldu bilimsel afet']","kbrs, afet, afmer","['kbrs', 'afet', 'afmer', 'ubatta', 'son', 'kuruldu', 'kktc', 'haberleri', 'haber', 'gndem']",,,,,
698b63cbd8282f2e3857d88b,gdelt,global_news,2026-02-10 16:58:51.917,(earthquake OR flood),utara maghribi dilanda dua gempa bumi lemah ketika berdepan bencana banjir,https://www.astroawani.com/berita-dunia/utara-maghribi-dilanda-dua-gempa-bumi-lemah-ketika-berdepan-bencana-banjir-558720,Malay,20260208T041500Z,0.0,0.0,0.0,1.0,0.0,0.0,"['utara maghribi dilanda', 'berdepan bencana banjir', 'maghribi dilanda dua', 'dilanda dua gempa', 'dua gempa bumi']","utara, maghribi, lemah","['utara', 'maghribi', 'lemah', 'ketika', 'gempa', 'dua', 'dilanda', 'bumi', 'berdepan', 'bencana']",,,,,
698b63cbd8282f2e3857d88c,gdelt,global_news,2026-02-10 16:58:51.919,(earthquake OR flood),台東卑南規模6 1地震 地震保險基金呼籲投保地震險 產經,https://www.cna.com.tw:443/news/afe/202512240299.aspx,Chinese,20251224T113000Z,0.0,0.0,0.0,1.0,0.0,0.0,"['台東卑南規模', '地震保險基金呼籲投保地震險']",", , ","['', '', '', '', '', '', '', '', '', '']",,,,,
698b63cbd8282f2e3857d88d,gdelt,global_news,2026-02-10 16:58:51.920,(earthquake OR flood),戴立忍新片 「 功夫 」 圓武俠夢 體力比柯震東好 娛樂,https://www.cna.com.tw:443/news/amov/202512160227.aspx,Chinese,20251216T091500Z,0.0,0.0,0.0,1.0,0.0,0.0,"['戴立忍新片', '圓武俠夢 體力比柯震東好', '圓武俠夢', '體力比柯震東好']",", , ","['', '', '', '', '', '', '', '', '', '']",,,,,
698b63cbd8282f2e3857d88e,gdelt,global_news,2026-02-10 16:58:51.921,(earthquake OR flood),新竹市民 ： 7 0強震搖晃感跟 921 太像了 消防局籲備妥 「 避難包 」 生活,https://news.ltn.com.tw/news/life/breakingnews/5291751,Chinese,20251227T170000Z,0.0,0.0,0.0,1.0,0.0,0.0,"['太像了 消防局籲備妥', '新竹市民', '強震搖晃感跟', '避難包', '太像了']","921, , ","['921', '', '', '', '', '', '', '', '', '']",,,,,
698b63cbd8282f2e3857d88f,gdelt,global_news,2026-02-10 16:58:51.922,(earthquake OR flood),afmer kuruldu bilimsel afet yönetimi 10 şubatta başlıyor kıbrıs gazetesi kıbrıs haber kktc son dakika gündem haberleri,https://kibrisgazetesi.com/afmer-kuruldu-bilimsel-afet-yonetimi-10-subatta-basliyor/,Turkish,20260123T181500Z,0.0,0.0,0.0,1.0,0.0,0.0,"['afmer kuruldu bilimsel', 'bilimsel afet yönetimi', 'dakika gündem haberleri', 'şubatta başlıyor kıbrıs', 'kuruldu bilimsel afet']","kbrs, afet, afmer","['kbrs', 'afet', 'afmer', 'ubatta', 'son', 'kuruldu', 'kktc', 'haberleri', 'haber', 'gndem']",,,,,
698b66bb61e158966024d481,gdelt,global_news,2026-02-10 17:11:23.802,(earthquake OR flood),utara maghribi dilanda dua gempa bumi lemah ketika berdepan bencana banjir,https://www.astroawani.com/berita-dunia/utara-maghribi-dilanda-dua-gempa-bumi-lemah-ketika-berdepan-bencana-banjir-558720,Malay,20260208T041500Z,0.0,0.0,0.0,1.0,0.0,0.0,"['utara maghribi dilanda', 'berdepan bencana banjir', 'maghribi dilanda dua', 'dilanda dua gempa', 'dua gempa bumi']","utara, maghribi, lemah","['utara', 'maghribi', 'lemah', 'ketika', 'gempa', 'dua', 'dilanda', 'bumi', 'berdepan', 'bencana']",,,,,
698b66bb61e158966024d482,gdelt,global_news,2026-02-10 17:11:23.804,(earthquake OR flood),台東卑南規模6 1地震 地震保險基金呼籲投保地震險 產經,https://www.cna.com.tw:443/news/afe/202512240299.aspx,Chinese,20251224T113000Z,0.0,0.0,0.0,1.0,0.0,0.0,"['台東卑南規模', '地震保險基金呼籲投保地震險']",", , ","['', '', '', '', '', '', '', '', '', '']",,,,,
698b66bb61e158966024d483,gdelt,global_news,2026-02-10 17:11:23.805,(earthquake OR flood),戴立忍新片 「 功夫 」 圓武俠夢 體力比柯震東好 娛樂,https://www.cna.com.tw:443/news/amov/202512160227.aspx,Chinese,20251216T091500Z,0.0,0.0,0.0,1.0,0.0,0.0,"['戴立忍新片', '圓武俠夢 體力比柯震東好', '圓武俠夢', '體力比柯震東好']",", , ","['', '', '', '', '', '', '', '', '', '']",,,,,
698b66bb61e158966024d484,gdelt,global_news,2026-02-10 17:11:23.805,(earthquake OR flood),新竹市民 ： 7 0強震搖晃感跟 921 太像了 消防局籲備妥 「 避難包 」 生活,https://news.ltn.com.tw/news/life/breakingnews/5291751,Chinese,20251227T170000Z,0.0,0.0,0.0,1.0,0.0,0.0,"['太像了 消防局籲備妥', '新竹市民', '強震搖晃感跟', '避難包', '太像了']","921, , ","['921', '', '', '', '', '', '', '', '', '']",,,,,
698b66bb61e158966024d485,gdelt,global_news,2026-02-10 17:11:23.806,(earthquake OR flood),afmer kuruldu bilimsel afet yönetimi 10 şubatta başlıyor kıbrıs gazetesi kıbrıs haber kktc son dakika gündem haberleri,https://kibrisgazetesi.com/afmer-kuruldu-bilimsel-afet-yonetimi-10-subatta-basliyor/,Turkish,20260123T181500Z,0.0,0.0,0.0,1.0,0.0,0.0,"['afmer kuruldu bilimsel', 'bilimsel afet yönetimi', 'dakika gündem haberleri', 'şubatta başlıyor kıbrıs', 'kuruldu bilimsel afet']","kbrs, afet, afmer","['kbrs', 'afet', 'afmer', 'ubatta', 'son', 'kuruldu', 'kktc', 'haberleri', 'haber', 'gndem']",,,,,
698c9456be736d8c2d30dc45,gdelt,global_news,2026-02-11 14:38:14.905,(earthquake OR flood),utara maghribi dilanda dua gempa bumi lemah ketika berdepan bencana banjir,https://www.astroawani.com/berita-dunia/utara-maghribi-dilanda-dua-gempa-bumi-lemah-ketika-berdepan-bencana-banjir-558720,Malay,20260208T041500Z,0.0,0.0,0.0,1.0,0.0,0.0,"['utara maghribi dilanda', 'berdepan bencana banjir', 'maghribi dilanda dua', 'dilanda dua gempa', 'dua gempa bumi']","utara, maghribi, lemah","['utara', 'maghribi', 'lemah', 'ketika', 'gempa', 'dua', 'dilanda', 'bumi', 'berdepan', 'bencana']",,,,,
698c9456be736d8c2d30dc48,gdelt,global_news,2026-02-11 14:38:14.913,(earthquake OR flood),台東卑南規模6 1地震 地震保險基金呼籲投保地震險 產經,https://www.cna.com.tw:443/news/afe/202512240299.aspx,Chinese,20251224T113000Z,0.0,0.0,0.0,1.0,0.0,0.0,"['台東卑南規模', '地震保險基金呼籲投保地震險']",", , ","['', '', '', '', '', '', '', '', '', '']",,,,,
698c9456be736d8c2d30dc4b,gdelt,global_news,2026-02-11 14:38:14.918,(earthquake OR flood),戴立忍新片 「 功夫 」 圓武俠夢 體力比柯震東好 娛樂,https://www.cna.com.tw:443/news/amov/202512160227.aspx,Chinese,20251216T091500Z,0.0,0.0,0.0,1.0,0.0,0.0,"['戴立忍新片', '圓武俠夢 體力比柯震東好', '圓武俠夢', '體力比柯震東好']",", , ","['', '', '', '', '', '', '', '', '', '']",,,,,
698c9456be736d8c2d30dc4c,gdelt,global_news,2026-02-11 14:38:14.922,(earthquake OR flood),新竹市民 ： 7 0強震搖晃感跟 921 太像了 消防局籲備妥 「 避難包 」 生活,https://news.ltn.com.tw/news/life/breakingnews/5291751,Chinese,20251227T170000Z,0.0,0.0,0.0,1.0,0.0,0.0,"['太像了 消防局籲備妥', '新竹市民', '強震搖晃感跟', '避難包', '太像了']","921, , ","['921', '', '', '', '', '', '', '', '', '']",,,,,
698c9456be736d8c2d30dc4d,gdelt,global_news,2026-02-11 14:38:14.925,(earthquake OR flood),afmer kuruldu bilimsel afet yönetimi 10 şubatta başlıyor kıbrıs gazetesi kıbrıs haber kktc son dakika gündem haberleri,https://kibrisgazetesi.com/afmer-kuruldu-bilimsel-afet-yonetimi-10-subatta-basliyor/,Turkish,20260123T181500Z,0.0,0.0,0.0,1.0,0.0,0.0,"['afmer kuruldu bilimsel', 'bilimsel afet yönetimi', 'dakika gündem haberleri', 'şubatta başlıyor kıbrıs', 'kuruldu bilimsel afet']","kbrs, afet, afmer","['kbrs', 'afet', 'afmer', 'ubatta', 'son', 'kuruldu', 'kktc', 'haberleri', 'haber', 'gndem']",,,,,
698ca9972f3fe99567c88b5a,gdelt,global_news,2026-02-11 16:08:55.382,(earthquake OR flood),utara maghribi dilanda dua gempa bumi lemah ketika berdepan bencana banjir,https://www.astroawani.com/berita-dunia/utara-maghribi-dilanda-dua-gempa-bumi-lemah-ketika-berdepan-bencana-banjir-558720,Malay,20260208T041500Z,0.0,0.0,0.0,1.0,0.0,0.0,"['utara maghribi dilanda', 'berdepan bencana banjir', 'maghribi dilanda dua', 'dilanda dua gempa', 'dua gempa bumi']","utara, maghribi, lemah","['utara', 'maghribi', 'lemah', 'ketika', 'gempa', 'dua', 'dilanda', 'bumi', 'berdepan', 'bencana']",,,,,
698ca9972f3fe99567c88b5b,gdelt,global_news,2026-02-11 16:08:55.384,(earthquake OR flood),台東卑南規模6 1地震 地震保險基金呼籲投保地震險 產經,https://www.cna.com.tw:443/news/afe/202512240299.aspx,Chinese,20251224T113000Z,0.0,0.0,0.0,1.0,0.0,0.0,"['台東卑南規模', '地震保險基金呼籲投保地震險']",", , ","['', '', '', '', '', '', '', '', '', '']",,,,,
698ca9972f3fe99567c88b5c,gdelt,global_news,2026-02-11 16:08:55.385,(earthquake OR flood),戴立忍新片 「 功夫 」 圓武俠夢 體力比柯震東好 娛樂,https://www.cna.com.tw:443/news/amov/202512160227.aspx,Chinese,20251216T091500Z,0.0,0.0,0.0,1.0,0.0,0.0,"['戴立忍新片', '圓武俠夢 體力比柯震東好', '圓武俠夢', '體力比柯震東好']",", , ","['', '', '', '', '', '', '', '', '', '']",,,,,
698ca9972f3fe99567c88b5d,gdelt,global_news,2026-02-11 16:08:55.388,(earthquake OR flood),新竹市民 ： 7 0強震搖晃感跟 921 太像了 消防局籲備妥 「 避難包 」 生活,https://news.ltn.com.tw/news/life/breakingnews/5291751,Chinese,20251227T170000Z,0.0,0.0,0.0,1.0,0.0,0.0,"['太像了 消防局籲備妥', '新竹市民', '強震搖晃感跟', '避難包', '太像了']","921, , ","['921', '', '', '', '', '', '', '', '', '']",,,,,
698ca9972f3fe99567c88b5e,gdelt,global_news,2026-02-11 16:08:55.389,(earthquake OR flood),afmer kuruldu bilimsel afet yönetimi 10 şubatta başlıyor kıbrıs gazetesi kıbrıs haber kktc son dakika gündem haberleri,https://kibrisgazetesi.com/afmer-kuruldu-bilimsel-afet-yonetimi-10-subatta-basliyor/,Turkish,20260123T181500Z,0.0,0.0,0.0,1.0,0.0,0.0,"['afmer kuruldu bilimsel', 'bilimsel afet yönetimi', 'dakika gündem haberleri', 'şubatta başlıyor kıbrıs', 'kuruldu bilimsel afet']","kbrs, afet, afmer","['kbrs', 'afet', 'afmer', 'ubatta', 'son', 'kuruldu', 'kktc', 'haberleri', 'haber', 'gndem']",,,,,
698cb0b4be736d8c2d30df46,gdelt,global_news,2026-02-11 16:39:16.729,(earthquake OR flood),utara maghribi dilanda dua gempa bumi lemah ketika berdepan bencana banjir,https://www.astroawani.com/berita-dunia/utara-maghribi-dilanda-dua-gempa-bumi-lemah-ketika-berdepan-bencana-banjir-558720,Malay,20260208T041500Z,0.0,0.0,0.0,1.0,0.0,0.0,"['utara maghribi dilanda', 'berdepan bencana banjir', 'maghribi dilanda dua', 'dilanda dua gempa', 'dua gempa bumi']","utara, maghribi, lemah","['utara', 'maghribi', 'lemah', 'ketika', 'gempa', 'dua', 'dilanda', 'bumi', 'berdepan', 'bencana']",,,,,
698cb0b4be736d8c2d30df47,gdelt,global_news,2026-02-11 16:39:16.731,(earthquake OR flood),台東卑南規模6 1地震 地震保險基金呼籲投保地震險 產經,https://www.cna.com.tw:443/news/afe/202512240299.aspx,Chinese,20251224T113000Z,0.0,0.0,0.0,1.0,0.0,0.0,"['台東卑南規模', '地震保險基金呼籲投保地震險']",", , ","['', '', '', '', '', '', '', '', '', '']",,,,,
698cb0b4be736d8c2d30df48,gdelt,global_news,2026-02-11 16:39:16.732,(earthquake OR flood),戴立忍新片 「 功夫 」 圓武俠夢 體力比柯震東好 娛樂,https://www.cna.com.tw:443/news/amov/202512160227.aspx,Chinese,20251216T091500Z,0.0,0.0,0.0,1.0,0.0,0.0,"['戴立忍新片', '圓武俠夢 體力比柯震東好', '圓武俠夢', '體力比柯震東好']",", , ","['', '', '', '', '', '', '', '', '', '']",,,,,
698cb0b4be736d8c2d30df49,gdelt,global_news,2026-02-11 16:39:16.732,(earthquake OR flood),新竹市民 ： 7 0強震搖晃感跟 921 太像了 消防局籲備妥 「 避難包 」 生活,https://news.ltn.com.tw/news/life/breakingnews/5291751,Chinese,20251227T170000Z,0.0,0.0,0.0,1.0,0.0,0.0,"['太像了 消防局籲備妥', '新竹市民', '強震搖晃感跟', '避難包', '太像了']","921, , ","['921', '', '', '', '', '', '', '', '', '']",,,,,
698cb0b4be736d8c2d30df4a,gdelt,global_news,2026-02-11 16:39:16.733,(earthquake OR flood),afmer kuruldu bilimsel afet yönetimi 10 şubatta başlıyor kıbrıs gazetesi kıbrıs haber kktc son dakika gündem haberleri,https://kibrisgazetesi.com/afmer-kuruldu-bilimsel-afet-yonetimi-10-subatta-basliyor/,Turkish,20260123T181500Z,0.0,0.0,0.0,1.0,0.0,0.0,"['afmer kuruldu bilimsel', 'bilimsel afet yönetimi', 'dakika gündem haberleri', 'şubatta başlıyor kıbrıs', 'kuruldu bilimsel afet']","kbrs, afet, afmer","['kbrs', 'afet', 'afmer', 'ubatta', 'son', 'kuruldu', 'kktc', 'haberleri', 'haber', 'gndem']",,,,,
698cbedcbe736d8c2d30e0c0,gdelt,global_news,2026-02-11 17:39:40.422,(earthquake OR flood),utara maghribi dilanda dua gempa bumi lemah ketika berdepan bencana banjir,https://www.astroawani.com/berita-dunia/utara-maghribi-dilanda-dua-gempa-bumi-lemah-ketika-berdepan-bencana-banjir-558720,Malay,20260208T041500Z,0.0,0.0,0.0,1.0,0.0,0.0,"['utara maghribi dilanda', 'berdepan bencana banjir', 'maghribi dilanda dua', 'dilanda dua gempa', 'dua gempa bumi']","utara, maghribi, lemah","['utara', 'maghribi', 'lemah', 'ketika', 'gempa', 'dua', 'dilanda', 'bumi', 'berdepan', 'bencana']",,,,,
698cbedcbe736d8c2d30e0c1,gdelt,global_news,2026-02-11 17:39:40.424,(earthquake OR flood),台東卑南規模6 1地震 地震保險基金呼籲投保地震險 產經,https://www.cna.com.tw:443/news/afe/202512240299.aspx,Chinese,20251224T113000Z,0.0,0.0,0.0,1.0,0.0,0.0,"['台東卑南規模', '地震保險基金呼籲投保地震險']",", , ","['', '', '', '', '', '', '', '', '', '']",,,,,
698cbedcbe736d8c2d30e0c2,gdelt,global_news,2026-02-11 17:39:40.425,(earthquake OR flood),戴立忍新片 「 功夫 」 圓武俠夢 體力比柯震東好 娛樂,https://www.cna.com.tw:443/news/amov/202512160227.aspx,Chinese,20251216T091500Z,0.0,0.0,0.0,1.0,0.0,0.0,"['戴立忍新片', '圓武俠夢 體力比柯震東好', '圓武俠夢', '體力比柯震東好']",", , ","['', '', '', '', '', '', '', '', '', '']",,,,,
698cbedcbe736d8c2d30e0c3,gdelt,global_news,2026-02-11 17:39:40.426,(earthquake OR flood),新竹市民 ： 7 0強震搖晃感跟 921 太像了 消防局籲備妥 「 避難包 」 生活,https://news.ltn.com.tw/news/life/breakingnews/5291751,Chinese,20251227T170000Z,0.0,0.0,0.0,1.0,0.0,0.0,"['太像了 消防局籲備妥', '新竹市民', '強震搖晃感跟', '避難包', '太像了']","921, , ","['921', '', '', '', '', '', '', '', '', '']",,,,,
698cbedcbe736d8c2d30e0c4,gdelt,global_news,2026-02-11 17:39:40.427,(earthquake OR flood),afmer kuruldu bilimsel afet yönetimi 10 şubatta başlıyor kıbrıs gazetesi kıbrıs haber kktc son dakika gündem haberleri,https://kibrisgazetesi.com/afmer-kuruldu-bilimsel-afet-yonetimi-10-subatta-basliyor/,Turkish,20260123T181500Z,0.0,0.0,0.0,1.0,0.0,0.0,"['afmer kuruldu bilimsel', 'bilimsel afet yönetimi', 'dakika gündem haberleri', 'şubatta başlıyor kıbrıs', 'kuruldu bilimsel afet']","kbrs, afet, afmer","['kbrs', 'afet', 'afmer', 'ubatta', 'son', 'kuruldu', 'kktc', 'haberleri', 'haber', 'gndem']",,,,,
698ccd06be736d8c2d30e23d,gdelt,global_news,2026-02-11 18:40:06.183,(earthquake OR flood),utara maghribi dilanda dua gempa bumi lemah ketika berdepan bencana banjir,https://www.astroawani.com/berita-dunia/utara-maghribi-dilanda-dua-gempa-bumi-lemah-ketika-berdepan-bencana-banjir-558720,Malay,20260208T041500Z,0.0,0.0,0.0,1.0,0.0,0.0,"['utara maghribi dilanda', 'berdepan bencana banjir', 'maghribi dilanda dua', 'dilanda dua gempa', 'dua gempa bumi']","utara, maghribi, lemah","['utara', 'maghribi', 'lemah', 'ketika', 'gempa', 'dua', 'dilanda', 'bumi', 'berdepan', 'bencana']",,,,,
698ccd06be736d8c2d30e23e,gdelt,global_news,2026-02-11 18:40:06.185,(earthquake OR flood),台東卑南規模6 1地震 地震保險基金呼籲投保地震險 產經,https://www.cna.com.tw:443/news/afe/202512240299.aspx,Chinese,20251224T113000Z,0.0,0.0,0.0,1.0,0.0,0.0,"['台東卑南規模', '地震保險基金呼籲投保地震險']",", , ","['', '', '', '', '', '', '', '', '', '']",,,,,
698ccd06be736d8c2d30e23f,gdelt,global_news,2026-02-11 18:40:06.186,(earthquake OR flood),戴立忍新片 「 功夫 」 圓武俠夢 體力比柯震東好 娛樂,https://www.cna.com.tw:443/news/amov/202512160227.aspx,Chinese,20251216T091500Z,0.0,0.0,0.0,1.0,0.0,0.0,"['戴立忍新片', '圓武俠夢 體力比柯震東好', '圓武俠夢', '體力比柯震東好']",", , ","['', '', '', '', '', '', '', '', '', '']",,,,,
698ccd06be736d8c2d30e240,gdelt,global_news,2026-02-11 18:40:06.187,(earthquake OR flood),新竹市民 ： 7 0強震搖晃感跟 921 太像了 消防局籲備妥 「 避難包 」 生活,https://news.ltn.com.tw/news/life/breakingnews/5291751,Chinese,20251227T170000Z,0.0,0.0,0.0,1.0,0.0,0.0,"['太像了 消防局籲備妥', '新竹市民', '強震搖晃感跟', '避難包', '太像了']","921, , ","['921', '', '', '', '', '', '', '', '', '']",,,,,
698ccd06be736d8c2d30e241,gdelt,global_news,2026-02-11 18:40:06.188,(earthquake OR flood),afmer kuruldu bilimsel afet yönetimi 10 şubatta başlıyor kıbrıs gazetesi kıbrıs haber kktc son dakika gündem haberleri,https://kibrisgazetesi.com/afmer-kuruldu-bilimsel-afet-yonetimi-10-subatta-basliyor/,Turkish,20260123T181500Z,0.0,0.0,0.0,1.0,0.0,0.0,"['afmer kuruldu bilimsel', 'bilimsel afet yönetimi', 'dakika gündem haberleri', 'şubatta başlıyor kıbrıs', 'kuruldu bilimsel afet']","kbrs, afet, afmer","['kbrs', 'afet', 'afmer', 'ubatta', 'son', 'kuruldu', 'kktc', 'haberleri', 'haber', 'gndem']",,,,,
6991f11f139db8b3ede2c958,gdelt,global_news,2026-02-15 16:15:27.288,(earthquake OR flood),utara maghribi dilanda dua gempa bumi lemah ketika berdepan bencana banjir,https://www.astroawani.com/berita-dunia/utara-maghribi-dilanda-dua-gempa-bumi-lemah-ketika-berdepan-bencana-banjir-558720,Malay,20260208T041500Z,0.0,0.0,0.0,1.0,0.0,0.0,"['utara maghribi dilanda', 'berdepan bencana banjir', 'maghribi dilanda dua', 'dilanda dua gempa', 'dua gempa bumi']","utara, maghribi, lemah","['utara', 'maghribi', 'lemah', 'ketika', 'gempa', 'dua', 'dilanda', 'bumi', 'berdepan', 'bencana']",,,,,
6991f11f139db8b3ede2c959,gdelt,global_news,2026-02-15 16:15:27.300,(earthquake OR flood),台東卑南規模6 1地震 地震保險基金呼籲投保地震險 產經,https://www.cna.com.tw:443/news/afe/202512240299.aspx,Chinese,20251224T113000Z,0.0,0.0,0.0,1.0,0.0,0.0,"['台東卑南規模', '地震保險基金呼籲投保地震險']",", , ","['', '', '', '', '', '', '', '', '', '']",,,,,
6991f11f139db8b3ede2c95a,gdelt,global_news,2026-02-15 16:15:27.301,(earthquake OR flood),戴立忍新片 「 功夫 」 圓武俠夢 體力比柯震東好 娛樂,https://www.cna.com.tw:443/news/amov/202512160227.aspx,Chinese,20251216T091500Z,0.0,0.0,0.0,1.0,0.0,0.0,"['戴立忍新片', '圓武俠夢 體力比柯震東好', '圓武俠夢', '體力比柯震東好']",", , ","['', '', '', '', '', '', '', '', '', '']",,,,,
6991f1e5b73ae9b196ecd663,gdelt,global_news,2026-02-15 16:18:45.655,(earthquake OR flood),utara maghribi dilanda dua gempa bumi lemah ketika berdepan bencana banjir,https://www.astroawani.com/berita-dunia/utara-maghribi-dilanda-dua-gempa-bumi-lemah-ketika-berdepan-bencana-banjir-558720,Malay,20260208T041500Z,0.0,0.0,0.0,1.0,0.0,0.0,"['utara maghribi dilanda', 'berdepan bencana banjir', 'maghribi dilanda dua', 'dilanda dua gempa', 'dua gempa bumi']","utara, maghribi, lemah","['utara', 'maghribi', 'lemah', 'ketika', 'gempa', 'dua', 'dilanda', 'bumi', 'berdepan', 'bencana']",,,,,
6991f1e5b73ae9b196ecd664,gdelt,global_news,2026-02-15 16:18:45.669,(earthquake OR flood),台東卑南規模6 1地震 地震保險基金呼籲投保地震險 產經,https://www.cna.com.tw:443/news/afe/202512240299.aspx,Chinese,20251224T113000Z,0.0,0.0,0.0,1.0,0.0,0.0,"['台東卑南規模', '地震保險基金呼籲投保地震險']",", , ","['', '', '', '', '', '', '', '', '', '']",,,,,
6991f1e5b73ae9b196ecd665,gdelt,global_news,2026-02-15 16:18:45.670,(earthquake OR flood),戴立忍新片 「 功夫 」 圓武俠夢 體力比柯震東好 娛樂,https://www.cna.com.tw:443/news/amov/202512160227.aspx,Chinese,20251216T091500Z,0.0,0.0,0.0,1.0,0.0,0.0,"['戴立忍新片', '圓武俠夢 體力比柯震東好', '圓武俠夢', '體力比柯震東好']",", , ","['', '', '', '', '', '', '', '', '', '']",,,,,
6991faad926e1bfb37af5fb3,gdelt,global_news,2026-02-15 16:56:13.386,(earthquake OR flood),新竹市民 ： 7 0強震搖晃感跟 921 太像了 消防局籲備妥 「 避難包 」 生活,https://news.ltn.com.tw/news/life/breakingnews/5291751,Chinese,20251227T170000Z,0.0,0.0,0.0,1.0,0.0,0.0,"['太像了 消防局籲備妥', '新竹市民', '強震搖晃感跟', '避難包', '太像了']","921, , ","['921', '', '', '', '', '', '', '', '', '']",,,,,
6991faad926e1bfb37af5fb4,gdelt,global_news,2026-02-15 16:56:13.388,(earthquake OR flood),afmer kuruldu bilimsel afet yönetimi 10 şubatta başlıyor kıbrıs gazetesi kıbrıs haber kktc son dakika gündem haberleri,https://kibrisgazetesi.com/afmer-kuruldu-bilimsel-afet-yonetimi-10-subatta-basliyor/,Turkish,20260123T181500Z,0.0,0.0,0.0,1.0,0.0,0.0,"['afmer kuruldu bilimsel', 'bilimsel afet yönetimi', 'dakika gündem haberleri', 'şubatta başlıyor kıbrıs', 'kuruldu bilimsel afet']","kbrs, afet, afmer","['kbrs', 'afet', 'afmer', 'ubatta', 'son', 'kuruldu', 'kktc', 'haberleri', 'haber', 'gndem']",,,,,
6991faad926e1bfb37af5fb5,gdelt,global_news,2026-02-15 16:56:13.390,(earthquake OR flood),落石如籃球大 雲林草嶺149乙線建明隧道拚4月底前完工 生活,https://news.ltn.com.tw/news/life/breakingnews/5326236,Chinese,20260129T074500Z,0.0,0.0,0.0,1.0,0.0,0.0,"['落石如籃球大 雲林草嶺', '乙線建明隧道拚', '落石如籃球大', '雲林草嶺', '月底前完工']","1494, , ","['1494', '', '', '', '', '', '', '', '', '']",,,,,
6991fde2c1516e5641789d68,gdelt,global_news,2026-02-15 17:09:54.706,(earthquake OR flood),utara maghribi dilanda dua gempa bumi lemah ketika berdepan bencana banjir,https://www.astroawani.com/berita-dunia/utara-maghribi-dilanda-dua-gempa-bumi-lemah-ketika-berdepan-bencana-banjir-558720,Malay,20260208T041500Z,0.0,0.0,0.0,1.0,0.0,0.0,"['utara maghribi dilanda', 'berdepan bencana banjir', 'maghribi dilanda dua', 'dilanda dua gempa', 'dua gempa bumi']","utara, maghribi, lemah","['utara', 'maghribi', 'lemah', 'ketika', 'gempa', 'dua', 'dilanda', 'bumi', 'berdepan', 'bencana']",,,,,
6991fde2c1516e5641789d69,gdelt,global_news,2026-02-15 17:09:54.711,(earthquake OR flood),台東卑南規模6 1地震 地震保險基金呼籲投保地震險 產經,https://www.cna.com.tw:443/news/afe/202512240299.aspx,Chinese,20251224T113000Z,0.0,0.0,0.0,1.0,0.0,0.0,"['台東卑南規模', '地震保險基金呼籲投保地震險']",", , ","['', '', '', '', '', '', '', '', '', '']",,,,,
6991fde2c1516e5641789d6a,gdelt,global_news,2026-02-15 17:09:54.713,(earthquake OR flood),新竹市民 ： 7 0強震搖晃感跟 921 太像了 消防局籲備妥 「 避難包 」 生活,https://news.ltn.com.tw/news/life/breakingnews/5291751,Chinese,20251227T170000Z,0.0,0.0,0.0,1.0,0.0,0.0,"['太像了 消防局籲備妥', '新竹市民', '強震搖晃感跟', '避難包', '太像了']","921, , ","['921', '', '', '', '', '', '', '', '', '']",,,,,
6991fde2c1516e5641789d6b,gdelt,global_news,2026-02-15 17:09:54.714,(earthquake OR flood),afmer kuruldu bilimsel afet yönetimi 10 şubatta başlıyor kıbrıs gazetesi kıbrıs haber kktc son dakika gündem haberleri,https://kibrisgazetesi.com/afmer-kuruldu-bilimsel-afet-yonetimi-10-subatta-basliyor/,Turkish,20260123T181500Z,0.0,0.0,0.0,1.0,0.0,0.0,"['afmer kuruldu bilimsel', 'bilimsel afet yönetimi', 'dakika gündem haberleri', 'şubatta başlıyor kıbrıs', 'kuruldu bilimsel afet']","kbrs, afet, afmer","['kbrs', 'afet', 'afmer', 'ubatta', 'son', 'kuruldu', 'kktc', 'haberleri', 'haber', 'gndem']",,,,,
6991fde2c1516e5641789d6c,gdelt,global_news,2026-02-15 17:09:54.716,(earthquake OR flood),落石如籃球大 雲林草嶺149乙線建明隧道拚4月底前完工 生活,https://news.ltn.com.tw/news/life/breakingnews/5326236,Chinese,20260129T074500Z,0.0,0.0,0.0,1.0,0.0,0.0,"['落石如籃球大 雲林草嶺', '乙線建明隧道拚', '落石如籃球大', '雲林草嶺', '月底前完工']","1494, , ","['1494', '', '', '', '', '', '', '', '', '']",,,,,
699206b5b6140d2297086a05,gdelt,global_news,2026-02-15 17:47:33.802,(earthquake OR flood),afmer kuruldu bilimsel afet yönetimi 10 şubatta başlıyor kıbrıs gazetesi kıbrıs haber kktc son dakika gündem haberleri,https://kibrisgazetesi.com/afmer-kuruldu-bilimsel-afet-yonetimi-10-subatta-basliyor/,Turkish,20260123T181500Z,0.0,0.0,0.0,1.0,0.0,0.0,"['afmer kuruldu bilimsel', 'bilimsel afet yönetimi', 'dakika gündem haberleri', 'şubatta başlıyor kıbrıs', 'kuruldu bilimsel afet']","kbrs, afet, afmer","['kbrs', 'afet', 'afmer', 'ubatta', 'son', 'kuruldu', 'kktc', 'haberleri', 'haber', 'gndem']",,,,,
699206beb6140d2297086a81,gdelt,global_news,2026-02-15 17:47:42.266,(earthquake OR flood),utara maghribi dilanda dua gempa bumi lemah ketika berdepan bencana banjir,https://www.astroawani.com/berita-dunia/utara-maghribi-dilanda-dua-gempa-bumi-lemah-ketika-berdepan-bencana-banjir-558720,Malay,20260208T041500Z,0.0,0.0,0.0,1.0,0.0,0.0,"['utara maghribi dilanda', 'berdepan bencana banjir', 'maghribi dilanda dua', 'dilanda dua gempa', 'dua gempa bumi']","utara, maghribi, lemah","['utara', 'maghribi', 'lemah', 'ketika', 'gempa', 'dua', 'dilanda', 'bumi', 'berdepan', 'bencana']",,,,,
699206c0b6140d2297086a82,gdelt,global_news,2026-02-15 17:47:44.273,(earthquake OR flood),新竹市民 ： 7 0強震搖晃感跟 921 太像了 消防局籲備妥 「 避難包 」 生活,https://news.ltn.com.tw/news/life/breakingnews/5291751,Chinese,20251227T170000Z,0.0,0.0,0.0,1.0,0.0,0.0,"['太像了 消防局籲備妥', '新竹市民', '強震搖晃感跟', '避難包', '太像了']","921, , ","['921', '', '', '', '', '', '', '', '', '']",,,,,
